verb,first_frame_diff,total_intersection,total_union,accuracy_2,accuracy_all,recall,precision,f1_0,f1_1,f1_2,f1_macro,f1_micro
rolling,15,19,34,0.625,0.55,0.5588235259056091,1.0,0.0,0.25,0.7169811129570007,0.32232704758644104,0.550000011920929
rolling,5,10,23,0.675000011920929,0.55,0.6666666865348816,0.5555555820465088,0.0,0.7058823704719543,0.6060606241226196,0.43731436133384705,0.550000011920929
squeezing,10,8,18,0.75,0.5,1.0,0.4444444477558136,0.1666666716337204,0.523809552192688,0.6153846383094788,0.4352869689464569,0.5
squeezing,1,18,19,0.9750000238418579,0.725,0.9473684430122375,1.0,0.6153846383094788,0.3529411852359772,0.9729729890823364,0.6470996141433716,0.7250000238418579
mashing,19,0,19,0.5249999761581421,0.325,0.0,0.0,0.3529411852359772,0.5185185074806213,0.0,0.29048657417297363,0.32499998807907104
mashing,17,2,19,0.574999988079071,0.525,1.0,0.10526315867900848,0.8333333134651184,0.5957446694374084,0.190476194024086,0.5398513674736023,0.5249999761581421
roasting,5,13,18,0.875,0.625,1.0,0.7222222089767456,0.0,0.6315789222717285,0.8387096524238586,0.49009618163108826,0.625
roasting,16,0,16,0.6000000238418579,0.375,0.0,0.0,0.0,0.5454545617103577,0.0,0.1818181872367859,0.375
peeling,30,0,30,0.4117647111415863,0.27450980392156865,0.0,0.0,0.0,0.4307692348957062,0.0,0.14358974993228912,0.27450981736183167
peeling,7,11,18,0.824999988079071,0.65,1.0,0.6111111044883728,0.6666666865348816,0.5333333611488342,0.7586206793785095,0.6528735756874084,0.6499999761581421
chopping,3,1,21,0.5,0.275,0.25,0.0555555559694767,0.380952388048172,0.25,0.09090909361839294,0.24062049388885498,0.2750000059604645
chopping,1,1,19,0.550000011920929,0.3,0.5,0.0555555559694767,0.3414634168148041,0.42105263471603394,0.10000000149011612,0.2875053584575653,0.30000001192092896
peeling,10,2,18,0.6000000238418579,0.325,1.0,0.1111111119389534,0.42553192377090454,0.1538461595773697,0.20000000298023224,0.259792685508728,0.32499998807907104
peeling,3,2,18,0.6000000238418579,0.5,1.0,0.1111111119389534,0.4848484992980957,0.7407407164573669,0.20000000298023224,0.4751964509487152,0.5
peeling,19,0,19,0.5249999761581421,0.15,0.0,0.0,0.375,0.0,0.0,0.125,0.15000000596046448
peeling,11,19,30,0.7250000238418579,0.6,0.6333333253860474,1.0,0.0,0.38461539149284363,0.7755101919174194,0.386708527803421,0.6000000238418579
chopping,7,4,25,0.4749999940395355,0.25,0.3636363744735718,0.2222222238779068,0.0,0.4285714328289032,0.27586206793785095,0.23481117188930511,0.25
chopping,18,0,18,0.550000011920929,0.525,0.0,0.0,0.9333333373069763,0.5957446694374084,0.0,0.5096926689147949,0.5249999761581421
squeezing,18,0,18,0.550000011920929,0.475,0.0,0.0,0.47058823704719543,0.6666666865348816,0.0,0.379084974527359,0.4749999940395355
squeezing,8,10,18,0.800000011920929,0.55,1.0,0.5555555820465088,0.5600000023841858,0.37037035822868347,0.7142857313156128,0.5482186675071716,0.550000011920929
crushing,16,0,31,0.22499999403953552,0.05,0.0,0.0,0.13333334028720856,0.0,0.0,0.04444444552063942,0.05000000074505806
crushing,18,0,18,0.550000011920929,0.325,0.0,0.0,0.6086956262588501,0.3076923191547394,0.0,0.30546262860298157,0.32499998807907104
melting,19,0,19,0.5249999761581421,0.125,0.0,0.0,0.13333334028720856,0.19354838132858276,0.0,0.10896056890487671,0.125
melting,16,3,19,0.6000000238418579,0.15,1.0,0.15789473056793213,0.0,0.23076923191547394,0.27272728085517883,0.1678321808576584,0.15000000596046448
mincing,5,13,18,0.875,0.675,1.0,0.7222222089767456,0.5,0.6206896305084229,0.8387096524238586,0.6531330943107605,0.675000011920929
mincing,2,15,20,0.875,0.625,0.8823529481887817,0.8333333134651184,0.0,0.625,0.8571428656578064,0.4940476417541504,0.625
roasting,15,2,17,0.625,0.35,1.0,0.11764705926179886,0.31578946113586426,0.52173912525177,0.21052631735801697,0.3493516445159912,0.3499999940395355
roasting,1,14,19,0.875,0.55,0.9333333373069763,0.7777777910232544,0.0,0.5333333611488342,0.8484848737716675,0.46060609817504883,0.550000011920929
slicing,19,0,19,0.5249999761581421,0.325,0.0,0.0,0.6363636255264282,0.3076923191547394,0.0,0.31468531489372253,0.32499998807907104
slicing,15,9,24,0.6739130616188049,0.391304347826087,1.0,0.375,0.0,0.3913043439388275,0.5454545617103577,0.3122529685497284,0.3913043439388275
slicing,7,7,19,0.699999988079071,0.575,1.0,0.3684210479259491,0.0,0.7272727489471436,0.5384615659713745,0.42191144824028015,0.574999988079071
slicing,7,3,21,0.550000011920929,0.3,0.6000000238418579,0.15789473056793213,0.23529411852359772,0.4545454680919647,0.25,0.3132798671722412,0.30000001192092896
melting,1,18,19,0.9750000238418579,0.65,1.0,0.9473684430122375,0.4166666567325592,0.31578946113586426,0.9729729890823364,0.5684763789176941,0.6499999761581421
melting,0,18,18,1.0,0.875,1.0,1.0,0.761904776096344,0.782608687877655,1.0,0.8481711745262146,0.875
grating,9,3,18,0.625,0.55,1.0,0.1666666716337204,0.6086956262588501,0.6666666865348816,0.2857142984867096,0.5203588604927063,0.550000011920929
grating,12,2,18,0.6000000238418579,0.45,1.0,0.1111111119389534,0.3888888955116272,0.75,0.20000000298023224,0.4462963044643402,0.44999998807907104
peeling,2,17,19,0.949999988079071,0.8,1.0,0.8947368264198303,0.0,0.7894737124443054,0.9444444179534912,0.5779727101325989,0.800000011920929
peeling,7,12,19,0.824999988079071,0.6,1.0,0.6315789222717285,0.47058823704719543,0.5,0.774193525314331,0.581593930721283,0.6000000238418579
peeling,5,10,23,0.675000011920929,0.6,0.6666666865348816,0.5555555820465088,0.42105263471603394,0.7142857313156128,0.6060606241226196,0.5804663300514221,0.6000000238418579
peeling,3,18,21,0.925000011920929,0.725,0.8571428656578064,1.0,0.0,0.6666666865348816,0.9230769276618958,0.5299145579338074,0.7250000238418579
peeling,3,16,19,0.925000011920929,0.775,1.0,0.8421052694320679,0.0,0.7692307829856873,0.9142857193946838,0.5611721873283386,0.7749999761581421
peeling,1,10,19,0.7749999761581421,0.625,1.0,0.5263158082962036,0.4615384638309479,0.7200000286102295,0.6896551847457886,0.6237311959266663,0.625
sauteing,15,0,15,0.625,0.425,0.0,0.0,0.5454545617103577,0.5,0.0,0.3484848439693451,0.42500001192092896
sauteing,17,0,17,0.574999988079071,0.175,0.0,0.0,0.3888888955116272,0.0,0.0,0.12962962687015533,0.17499999701976776
squeezing,0,14,19,0.875,0.625,1.0,0.7368420958518982,0.3478260934352875,0.5833333134651184,0.8484848737716675,0.593214750289917,0.625
squeezing,11,15,27,0.699999988079071,0.5,0.6521739363670349,0.7894737124443054,0.0,0.38461539149284363,0.7142857313156128,0.3663003742694855,0.5
mashing,1,19,20,0.9750000238418579,0.825,0.949999988079071,1.0,0.0,0.800000011920929,0.9743589758872986,0.5914530158042908,0.824999988079071
mashing,9,9,18,0.7749999761581421,0.625,1.0,0.5,0.0,0.7272727489471436,0.6666666865348816,0.46464648842811584,0.625
frying,6,0,24,0.4000000059604645,0.15,0.0,0.0,0.0,0.4285714328289032,0.0,0.1428571492433548,0.15000000596046448
frying,7,6,18,0.699999988079071,0.45,1.0,0.3333333432674408,0.4444444477558136,0.4137931168079376,0.5,0.45274582505226135,0.44999998807907104
slicing,11,7,18,0.7250000238418579,0.525,1.0,0.3888888955116272,0.0,0.5957446694374084,0.5600000023841858,0.38524821400642395,0.5249999761581421
slicing,1,18,19,0.9750000238418579,0.825,1.0,0.9473684430122375,0.0,0.8108108043670654,0.9729729890823364,0.5945945978164673,0.824999988079071
chopping,4,12,19,0.824999988079071,0.625,1.0,0.6315789222717285,0.5600000023841858,0.5,0.774193525314331,0.6113978028297424,0.625
chopping,8,5,19,0.6499999761581421,0.45,1.0,0.2631579041481018,0.2222222238779068,0.5789473652839661,0.4166666567325592,0.40594542026519775,0.44999998807907104
rolling,6,13,19,0.8500000238418579,0.75,1.0,0.6842105388641357,0.6000000238418579,0.7368420958518982,0.8125,0.7164473533630371,0.75
rolling,19,21,40,0.688524603843689,0.5901639344262295,1.0,0.5249999761581421,0.0,0.5454545617103577,0.688524603843689,0.41132640838623047,0.5901639461517334
sauteing,16,0,16,0.6000000238418579,0.6,0.0,0.0,1.0,0.7037037014961243,0.0,0.5679011940956116,0.6000000238418579
sauteing,18,0,18,0.550000011920929,0.225,0.0,0.0,0.25641027092933655,0.3478260934352875,0.0,0.2014121264219284,0.22499999403953552
blending,19,0,19,0.5249999761581421,0.35,0.0,0.0,0.0,0.6363636255264282,0.0,0.21212120354175568,0.3499999940395355
blending,4,14,18,0.8999999761581421,0.75,1.0,0.7777777910232544,0.6666666865348816,0.6666666865348816,0.875,0.7361111640930176,0.75
rolling,41,1,42,0.33870968222618103,0.3064516129032258,1.0,0.02380952425301075,0.0,0.4556961953639984,0.04651162773370743,0.16740261018276215,0.30645161867141724
rolling,3,20,23,0.925000011920929,0.6,0.8695651888847351,1.0,0.23529411852359772,0.20000000298023224,0.930232584476471,0.4551755487918854,0.6000000238418579
rolling,9,10,19,0.7749999761581421,0.725,1.0,0.5263158082962036,0.0,0.7755101919174194,0.6896551847457886,0.48838844895362854,0.7250000238418579
rolling,6,13,19,0.8500000238418579,0.825,1.0,0.6842105388641357,0.8571428656578064,0.8292682766914368,0.8125,0.832970380783081,0.824999988079071
slicing,5,5,18,0.675000011920929,0.5,1.0,0.2777777910232544,0.5454545617103577,0.5,0.43478259444236755,0.4934123754501343,0.5
slicing,5,13,18,0.875,0.65,1.0,0.7222222089767456,0.0,0.6666666865348816,0.8387096524238586,0.5017921328544617,0.6499999761581421
slicing,19,0,19,0.5249999761581421,0.375,0.0,0.0,0.0,0.5454545617103577,0.0,0.1818181872367859,0.375
slicing,6,6,19,0.675000011920929,0.375,1.0,0.31578946113586426,0.3333333432674408,0.31578946113586426,0.47999998927116394,0.3763742744922638,0.375
peeling,10,18,28,0.75,0.575,0.6428571343421936,1.0,0.0,0.37037035822868347,0.782608687877655,0.38432633876800537,0.574999988079071
peeling,9,18,27,0.7749999761581421,0.675,0.6666666865348816,1.0,0.3333333432674408,0.5517241358757019,0.800000011920929,0.5616858005523682,0.675000011920929
grating,18,0,18,0.550000011920929,0.2,0.0,0.0,0.05882352963089943,0.5,0.0,0.18627451360225677,0.20000000298023224
grating,10,4,18,0.6499999761581421,0.275,1.0,0.2222222238779068,0.22857142984867096,0.260869562625885,0.3636363744735718,0.2843591272830963,0.2750000059604645
slicing,4,15,19,0.8999999761581421,0.75,1.0,0.7894737124443054,0.0,0.75,0.8823529481887817,0.5441176295280457,0.75
slicing,2,0,20,0.5,0.3,0.0,0.0,0.40909090638160706,0.375,0.0,0.2613636255264282,0.30000001192092896
slicing,0,19,19,1.0,0.9,1.0,1.0,0.0,0.8947368264198303,1.0,0.6315789222717285,0.8999999761581421
slicing,0,19,19,1.0,0.875,1.0,1.0,0.0,0.8648648858070374,1.0,0.6216216087341309,0.875
squeezing,8,8,18,0.75,0.45,1.0,0.4444444477558136,0.0,0.5,0.6153846383094788,0.37179484963417053,0.44999998807907104
squeezing,15,3,18,0.625,0.5,1.0,0.1666666716337204,0.6666666865348816,0.5365853905677795,0.2857142984867096,0.4963221251964569,0.5
coating,18,0,18,0.550000011920929,0.375,0.0,0.0,0.125,0.6086956262588501,0.0,0.2445652037858963,0.375
coating,18,0,18,0.550000011920929,0.175,0.0,0.0,0.2857142984867096,0.19512194395065308,0.0,0.16027875244617462,0.17499999701976776
sauteing,17,0,17,0.574999988079071,0.175,0.0,0.0,0.4137931168079376,0.05882352963089943,0.0,0.15753887593746185,0.17499999701976776
sauteing,17,0,17,0.574999988079071,0.2,0.0,0.0,0.21052631735801697,0.27272728085517883,0.0,0.16108453273773193,0.20000000298023224
blending,18,0,18,0.550000011920929,0.425,0.0,0.0,0.42424243688583374,0.6896551847457886,0.0,0.3712991774082184,0.42500001192092896
blending,13,19,32,0.675000011920929,0.6,0.59375,1.0,0.6666666865348816,0.20000000298023224,0.7450980544090271,0.5372548699378967,0.6000000238418579
mashing,15,17,28,0.7250000238418579,0.45,0.6296296119689941,0.9444444179534912,0.13333334028720856,0.0,0.7555555701255798,0.29629629850387573,0.44999998807907104
mashing,18,0,18,0.550000011920929,0.425,0.0,0.0,0.761904776096344,0.4390243887901306,0.0,0.4003097116947174,0.42500001192092896
grating,18,0,18,0.550000011920929,0.525,0.0,0.0,0.9473684430122375,0.5581395626068115,0.0,0.5018360018730164,0.5249999761581421
grating,18,0,18,0.550000011920929,0.375,0.0,0.0,0.19354838132858276,0.774193525314331,0.0,0.32258063554763794,0.375
blending,5,5,18,0.675000011920929,0.425,1.0,0.2777777910232544,0.4000000059604645,0.4545454680919647,0.43478259444236755,0.42977604269981384,0.42500001192092896
blending,18,0,18,0.550000011920929,0.275,0.0,0.0,0.39024388790130615,0.2857142984867096,0.0,0.22531938552856445,0.2750000059604645
chopping,18,0,18,0.550000011920929,0.375,0.0,0.0,0.0,0.5454545617103577,0.0,0.1818181872367859,0.375
chopping,1,5,18,0.675000011920929,0.4,1.0,0.2777777910232544,0.2068965584039688,0.5714285969734192,0.43478259444236755,0.4043692350387573,0.4000000059604645
browning,18,0,18,0.550000011920929,0.275,0.0,0.0,0.0,0.4313725531101227,0.0,0.1437908560037613,0.2750000059604645
browning,3,5,22,0.574999988079071,0.425,0.625,0.2631579041481018,0.23076923191547394,0.6666666865348816,0.37037035822868347,0.4226020872592926,0.42500001192092896
slicing,19,0,19,0.5249999761581421,0.2,0.0,0.0,0.0,0.41025641560554504,0.0,0.1367521435022354,0.20000000298023224
slicing,8,12,25,0.675000011920929,0.575,0.6666666865348816,0.6315789222717285,0.42105263471603394,0.5833333134651184,0.6486486196517944,0.5510115027427673,0.574999988079071
chopping,18,0,18,0.550000011920929,0.4,0.0,0.0,0.2222222238779068,0.6363636255264282,0.0,0.2861952781677246,0.4000000059604645
chopping,18,0,18,0.550000011920929,0.075,0.0,0.0,0.08695652335882187,0.10256410390138626,0.0,0.06317353993654251,0.07500000298023224
coating,18,0,18,0.550000011920929,0.425,0.0,0.0,0.0,0.5964912176132202,0.0,0.19883041083812714,0.42500001192092896
coating,19,0,19,0.5249999761581421,0.15,0.0,0.0,0.0,0.260869562625885,0.0,0.08695652335882187,0.15000000596046448
roasting,16,3,19,0.6000000238418579,0.375,1.0,0.15789473056793213,0.3448275923728943,0.48275861144065857,0.27272728085517883,0.3667711317539215,0.375
roasting,18,0,18,0.550000011920929,0.35,0.0,0.0,0.0,0.7777777910232544,0.0,0.25925925374031067,0.3499999940395355
crushing,18,0,18,0.550000011920929,0.45,0.0,0.0,0.761904776096344,0.4878048896789551,0.0,0.41656985878944397,0.44999998807907104
crushing,1,3,18,0.625,0.45,1.0,0.1666666716337204,0.0,0.7894737124443054,0.2857142984867096,0.3583960235118866,0.44999998807907104
slicing,18,0,18,0.550000011920929,0.475,0.0,0.0,0.800000011920929,0.5531914830207825,0.0,0.4510638415813446,0.4749999940395355
slicing,17,18,35,0.574999988079071,0.475,0.5142857432365417,1.0,0.0,0.08695652335882187,0.6792452931404114,0.2554005980491638,0.4749999940395355
chopping,19,0,19,0.5249999761581421,0.4,0.0,0.0,0.23529411852359772,0.6363636255264282,0.0,0.2905525863170624,0.4000000059604645
chopping,3,2,18,0.6000000238418579,0.475,1.0,0.1111111119389534,0.10000000149011612,0.800000011920929,0.20000000298023224,0.36666667461395264,0.4749999940395355
frying,4,18,22,0.8999999761581421,0.75,0.8181818127632141,1.0,0.25,0.6875,0.8999999761581421,0.612500011920929,0.75
frying,19,0,19,0.5249999761581421,0.275,0.0,0.0,0.07999999821186066,0.5555555820465088,0.0,0.21185185015201569,0.2750000059604645
slicing,2,17,19,0.949999988079071,0.925,1.0,0.8947368264198303,0.0,0.930232584476471,0.9444444179534912,0.6248922944068909,0.925000011920929
slicing,9,16,30,0.7254902124404907,0.6078431372549019,1.0,0.5333333611488342,0.3529411852359772,0.6153846383094788,0.695652186870575,0.554659366607666,0.6078431606292725
frying,11,1,18,0.574999988079071,0.275,1.0,0.0555555559694767,0.25,0.4137931168079376,0.10526315867900848,0.25635209679603577,0.2750000059604645
frying,18,0,18,0.550000011920929,0.4,0.0,0.0,0.6666666865348816,0.4545454680919647,0.0,0.3737373650074005,0.4000000059604645
slicing,0,5,18,0.675000011920929,0.425,1.0,0.2777777910232544,0.41025641560554504,0.4444444477558136,0.43478259444236755,0.42982780933380127,0.42500001192092896
slicing,15,3,18,0.625,0.45,1.0,0.1666666716337204,0.0,0.5769230723381042,0.2857142984867096,0.2875458002090454,0.44999998807907104
sauteing,18,0,18,0.550000011920929,0.3,0.0,0.0,0.5833333134651184,0.2631579041481018,0.0,0.28216373920440674,0.30000001192092896
sauteing,18,0,18,0.550000011920929,0.425,0.0,0.0,0.0,0.5964912176132202,0.0,0.19883041083812714,0.42500001192092896
browning,17,0,17,0.574999988079071,0.225,0.0,0.0,0.3636363744735718,0.24390244483947754,0.0,0.2025129348039627,0.22499999403953552
browning,16,0,16,0.6000000238418579,0.3,0.0,0.0,0.4000000059604645,0.3636363744735718,0.0,0.2545454502105713,0.30000001192092896
grilling,18,0,18,0.550000011920929,0.55,0.0,0.0,1.0,0.6896551847457886,0.0,0.5632184147834778,0.550000011920929
grilling,12,6,18,0.699999988079071,0.55,1.0,0.3333333432674408,0.5,0.6111111044883728,0.5,0.5370370745658875,0.550000011920929
rolling,6,13,19,0.8500000238418579,0.725,1.0,0.6842105388641357,0.0,0.8648648858070374,0.8125,0.5591216087341309,0.7250000238418579
rolling,19,0,19,0.5249999761581421,0.45,0.0,0.0,0.0,0.8999999761581421,0.0,0.29999998211860657,0.44999998807907104
chopping,19,0,21,0.4749999940395355,0.05,0.0,0.0,0.095238097012043,0.0,0.0,0.0317460335791111,0.05000000074505806
chopping,1,15,18,0.925000011920929,0.725,1.0,0.8333333134651184,0.5454545617103577,0.6399999856948853,0.9090909361839294,0.6981818675994873,0.7250000238418579
blending,8,11,19,0.800000011920929,0.75,1.0,0.5789473652839661,0.800000011920929,0.75,0.7333333492279053,0.7611110806465149,0.75
blending,4,15,23,0.800000011920929,0.7,0.7894737124443054,0.7894737124443054,0.3333333432674408,0.7333333492279053,0.7894737124443054,0.6187134385108948,0.699999988079071
chopping,1,18,19,0.9750000238418579,0.6,1.0,0.9473684430122375,0.0,0.4285714328289032,0.9729729890823364,0.4671814739704132,0.6000000238418579
chopping,7,17,24,0.824999988079071,0.6,0.7727272510528564,0.8947368264198303,0.4761904776096344,0.2222222238779068,0.8292682766914368,0.5092269778251648,0.6000000238418579
chopping,6,6,18,0.699999988079071,0.425,1.0,0.3333333432674408,0.4390243887901306,0.2666666805744171,0.5,0.40189704298973083,0.42500001192092896
chopping,18,0,18,0.550000011920929,0.175,0.0,0.0,0.21052631735801697,0.23255814611911774,0.0,0.14769482612609863,0.17499999701976776
slicing,2,0,19,0.5249999761581421,0.3,0.0,0.0,0.1818181872367859,0.6428571343421936,0.0,0.27489176392555237,0.30000001192092896
slicing,6,19,25,0.8500000238418579,0.7,0.7599999904632568,1.0,0.0,0.6000000238418579,0.8636363744735718,0.48787879943847656,0.699999988079071
shredding,7,13,25,0.699999988079071,0.675,0.6499999761581421,0.7222222089767456,0.5714285969734192,0.7142857313156128,0.6842105388641357,0.6566416621208191,0.675000011920929
shredding,1,8,19,0.7250000238418579,0.55,0.8888888955116272,0.4444444477558136,0.4516128897666931,0.6363636255264282,0.5925925970077515,0.5601896643638611,0.550000011920929
frying,49,27,76,0.5,0.47959183673469385,1.0,0.3552631437778473,0.0,0.449438214302063,0.5242718458175659,0.32457002997398376,0.47959184646606445
frying,17,12,29,0.6666666865348816,0.4117647058823529,1.0,0.4137931168079376,0.4000000059604645,0.2222222238779068,0.5853658318519592,0.40252935886383057,0.4117647111415863
whipping,18,1,19,0.550000011920929,0.3,1.0,0.05263157933950424,0.5454545617103577,0.2631579041481018,0.10000000149011612,0.30287083983421326,0.30000001192092896
whipping,0,6,19,0.675000011920929,0.55,1.0,0.31578946113586426,0.0,0.8648648858070374,0.47999998927116394,0.44828829169273376,0.550000011920929
slicing,1,8,18,0.75,0.475,1.0,0.4444444477558136,0.4000000059604645,0.42105263471603394,0.6153846383094788,0.47881245613098145,0.4749999940395355
slicing,7,11,18,0.824999988079071,0.575,1.0,0.6111111044883728,0.4137931168079376,0.5454545617103577,0.7586206793785095,0.5726227760314941,0.574999988079071
frying,19,0,19,0.5249999761581421,0.1,0.0,0.0,0.10000000149011612,0.1463414579629898,0.0,0.0821138247847557,0.10000000149011612
frying,14,4,18,0.6499999761581421,0.575,1.0,0.2222222238779068,0.0,0.6909090876579285,0.3636363744735718,0.35151514410972595,0.574999988079071
peeling,18,0,18,0.550000011920929,0.425,0.0,0.0,0.4444444477558136,0.5660377144813538,0.0,0.3368273973464966,0.42500001192092896
peeling,18,0,18,0.550000011920929,0.45,0.0,0.0,0.5333333611488342,0.5957446694374084,0.0,0.37635934352874756,0.44999998807907104
chopping,7,14,24,0.75,0.625,0.699999988079071,0.7777777910232544,0.47058823704719543,0.5600000023841858,0.7368420958518982,0.5891434550285339,0.625
chopping,5,9,18,0.7749999761581421,0.6,1.0,0.5,0.5600000023841858,0.5714285969734192,0.6666666865348816,0.5993650555610657,0.6000000238418579
peeling,8,4,19,0.625,0.575,1.0,0.21052631735801697,0.5714285969734192,0.7222222089767456,0.3478260934352875,0.5471590161323547,0.574999988079071
peeling,0,18,18,1.0,0.85,1.0,1.0,0.6666666865348816,0.7692307829856873,1.0,0.8119657635688782,0.8500000238418579
grilling,2,13,18,0.875,0.775,0.8666666746139526,0.8125,0.0,0.8571428656578064,0.8387096524238586,0.5652841925621033,0.7749999761581421
grilling,17,0,17,0.574999988079071,0.575,0.0,0.0,0.3076923191547394,0.8399999737739563,0.0,0.38256409764289856,0.574999988079071
grating,1,10,19,0.7749999761581421,0.4,0.9090909361839294,0.5555555820465088,0.14814814925193787,0.3333333432674408,0.6896551847457886,0.3903788626194,0.4000000059604645
grating,18,0,18,0.550000011920929,0.35,0.0,0.0,0.0,0.5185185074806213,0.0,0.17283950746059418,0.3499999940395355
mashing,18,0,18,0.550000011920929,0.375,0.0,0.0,0.3636363744735718,0.5098039507865906,0.0,0.29114678502082825,0.375
mashing,1,7,21,0.6744186282157898,0.5581395348837209,1.0,0.3333333432674408,0.47058823704719543,0.75,0.5,0.5735294222831726,0.5581395626068115
slicing,10,9,19,0.75,0.55,1.0,0.4736842215061188,0.6000000238418579,0.4375,0.6428571343421936,0.560119092464447,0.550000011920929
slicing,7,5,19,0.6499999761581421,0.45,1.0,0.2631579041481018,0.4000000059604645,0.5161290168762207,0.4166666567325592,0.444265216588974,0.44999998807907104
melting,42,8,50,0.4084506928920746,0.323943661971831,1.0,0.1599999964237213,0.0,0.38461539149284363,0.27586206793785095,0.2201591581106186,0.3239436745643616
melting,13,25,38,0.7796609997749329,0.6949152542372882,1.0,0.6578947305679321,0.0,0.6399999856948853,0.7936508059501648,0.47788357734680176,0.694915235042572
blending,19,0,19,0.5249999761581421,0.2,0.0,0.0,0.27586206793785095,0.25,0.0,0.1752873659133911,0.20000000298023224
blending,1,26,27,0.9791666865348816,0.875,1.0,0.9629629850387573,0.0,0.8648648858070374,0.9811320900917053,0.615332305431366,0.875
mincing,7,0,26,0.3499999940395355,0.35,0.0,0.0,0.3870967626571655,0.695652186870575,0.0,0.36091628670692444,0.3499999940395355
chopping,19,0,19,0.5249999761581421,0.175,0.0,0.0,0.27272728085517883,0.11764705926179886,0.0,0.1301247775554657,0.17499999701976776
chopping,13,2,18,0.6000000238418579,0.35,1.0,0.1111111119389534,0.5185185074806213,0.3030303120613098,0.20000000298023224,0.3405162990093231,0.3499999940395355
peeling,10,11,28,0.574999988079071,0.4,0.523809552192688,0.6111111044883728,0.0,0.37037035822868347,0.5641025900840759,0.3114909827709198,0.4000000059604645
peeling,6,18,24,0.8500000238418579,0.75,0.75,1.0,0.0,0.7058823704719543,0.8571428656578064,0.5210084319114685,0.75
browning,18,0,18,0.550000011920929,0.55,0.0,0.0,0.5333333611488342,0.875,0.0,0.4694444239139557,0.550000011920929
browning,43,0,43,0.3484848439693451,0.10606060606060606,0.0,0.0,0.1621621549129486,0.1538461595773697,0.0,0.10533610731363297,0.10606060922145844
slicing,16,18,34,0.6000000238418579,0.45,0.529411792755127,1.0,0.0,0.0,0.692307710647583,0.23076923191547394,0.44999998807907104
slicing,3,12,21,0.7749999761581421,0.6,0.800000011920929,0.6666666865348816,0.43478259444236755,0.5833333134651184,0.7272727489471436,0.5817962288856506,0.6000000238418579
peeling,1,16,19,0.925000011920929,0.725,0.9411764740943909,0.8888888955116272,0.6428571343421936,0.47058823704719543,0.9142857193946838,0.6759104132652283,0.7250000238418579
peeling,18,0,18,0.550000011920929,0.3,0.0,0.0,0.4285714328289032,0.3529411852359772,0.0,0.26050421595573425,0.30000001192092896
crushing,16,2,24,0.5111111402511597,0.4,1.0,0.0833333358168602,0.52173912525177,0.4878048896789551,0.1538461595773697,0.3877967298030853,0.4000000059604645
crushing,0,18,18,1.0,0.775,1.0,1.0,0.0,0.7428571581840515,1.0,0.5809524059295654,0.7749999761581421
shredding,18,0,18,0.550000011920929,0.375,0.0,0.0,0.7200000286102295,0.3243243098258972,0.0,0.3481081426143646,0.375
shredding,2,5,18,0.675000011920929,0.625,1.0,0.2777777910232544,0.43478259444236755,0.8823529481887817,0.43478259444236755,0.5839727520942688,0.625
rolling,18,0,18,0.550000011920929,0.225,0.0,0.0,0.125,0.46666666865348816,0.0,0.19722223281860352,0.22499999403953552
rolling,12,1,27,0.3499999940395355,0.175,0.10000000149011612,0.0555555559694767,0.25,0.20000000298023224,0.0714285746216774,0.17380952835083008,0.17499999701976776
frying,12,6,18,0.699999988079071,0.6,1.0,0.3333333432674408,0.2857142984867096,0.6938775777816772,0.5,0.4931972920894623,0.6000000238418579
frying,11,4,17,0.675000011920929,0.575,1.0,0.23529411852359772,0.5,0.6976743936538696,0.380952388048172,0.5262089371681213,0.574999988079071
chopping,1,18,19,0.9750000238418579,0.9,1.0,0.9473684430122375,0.800000011920929,0.8571428656578064,0.9729729890823364,0.8767053484916687,0.8999999761581421
chopping,14,3,18,0.625,0.25,1.0,0.1666666716337204,0.3255814015865326,0.0,0.2857142984867096,0.20376522839069366,0.25
mincing,2,11,18,0.824999988079071,0.65,1.0,0.6111111044883728,0.0,0.7894737124443054,0.7586206793785095,0.5160314440727234,0.6499999761581421
mincing,18,0,18,0.550000011920929,0.425,0.0,0.0,0.5,0.5882353186607361,0.0,0.36274513602256775,0.42500001192092896
mincing,18,0,18,0.550000011920929,0.35,0.0,0.0,0.6363636255264282,0.3499999940395355,0.0,0.3287878930568695,0.3499999940395355
mincing,1,18,19,0.9750000238418579,0.775,0.9473684430122375,1.0,0.692307710647583,0.47058823704719543,0.9729729890823364,0.7119563221931458,0.7749999761581421
frying,18,0,18,0.550000011920929,0.1,0.0,0.0,0.27586206793785095,0.0,0.0,0.09195402264595032,0.10000000149011612
frying,23,0,23,0.4888888895511627,0.35555555555555557,0.0,0.0,0.0,0.5245901346206665,0.0,0.17486338317394257,0.35555556416511536
grilling,67,0,67,0.2637362778186798,0.04395604395604396,0.0,0.0,0.2857142984867096,0.0,0.0,0.095238097012043,0.04395604506134987
grilling,17,0,17,0.574999988079071,0.1,0.0,0.0,0.05882352963089943,0.2068965584039688,0.0,0.08857336640357971,0.10000000149011612
grilling,19,0,19,0.5249999761581421,0.225,0.0,0.0,0.0,0.40909090638160706,0.0,0.13636364042758942,0.22499999403953552
grilling,5,16,22,0.8500000238418579,0.7,0.8421052694320679,0.8421052694320679,0.0,0.7272727489471436,0.8421052694320679,0.5231260061264038,0.699999988079071
frying,11,7,18,0.7250000238418579,0.55,1.0,0.3888888955116272,0.0,0.625,0.5600000023841858,0.39499998092651367,0.550000011920929
frying,35,0,35,0.38596490025520325,0.15789473684210525,0.0,0.0,0.0,0.3214285671710968,0.0,0.1071428582072258,0.15789473056793213
frying,15,0,15,0.625,0.35,0.0,0.0,0.2777777910232544,0.6206896305084229,0.0,0.2994891405105591,0.3499999940395355
frying,10,0,23,0.42500001192092896,0.25,0.0,0.0,0.34285715222358704,0.3636363744735718,0.0,0.2354978322982788,0.25
slicing,11,2,23,0.4749999940395355,0.2,0.2857142984867096,0.1111111119389534,0.06896551698446274,0.38461539149284363,0.1599999964237213,0.20452697575092316,0.20000000298023224
slicing,5,10,19,0.7749999761581421,0.55,1.0,0.5263158082962036,0.43478259444236755,0.5,0.6896551847457886,0.5414792895317078,0.550000011920929
frying,18,0,18,0.550000011920929,0.35,0.0,0.0,0.0,0.5185185074806213,0.0,0.17283950746059418,0.3499999940395355
frying,18,0,18,0.550000011920929,0.375,0.0,0.0,0.0,0.5454545617103577,0.0,0.1818181872367859,0.375
slicing,5,8,20,0.699999988079071,0.4,0.800000011920929,0.4444444477558136,0.3888888955116272,0.125,0.5714285969734192,0.3617725074291229,0.4000000059604645
slicing,1,18,19,0.9750000238418579,0.825,0.9473684430122375,1.0,0.699999988079071,0.695652186870575,0.9729729890823364,0.7895417213439941,0.824999988079071
chopping,20,0,20,0.523809552192688,0.2619047619047619,0.0,0.0,0.6000000238418579,0.11764705926179886,0.0,0.239215686917305,0.261904776096344
chopping,15,14,31,0.574999988079071,0.4,0.5185185074806213,0.7777777910232544,0.2666666805744171,0.0,0.6222222447395325,0.2962963283061981,0.4000000059604645
frying,1,1,18,0.574999988079071,0.275,0.5,0.05882352963089943,0.2222222238779068,0.47999998927116394,0.10526315867900848,0.26916179060935974,0.2750000059604645
frying,18,0,18,0.550000011920929,0.275,0.0,0.0,0.3529411852359772,0.35555556416511536,0.0,0.2361655831336975,0.2750000059604645
chopping,16,3,19,0.6000000238418579,0.35,1.0,0.15789473056793213,0.3589743673801422,0.42105263471603394,0.27272728085517883,0.35091808438301086,0.3499999940395355
chopping,16,2,19,0.574999988079071,0.4,1.0,0.10526315867900848,0.6000000238418579,0.41025641560554504,0.190476194024086,0.40024420619010925,0.4000000059604645
roasting,3,2,18,0.6000000238418579,0.375,1.0,0.1111111119389534,0.3684210479259491,0.5454545617103577,0.20000000298023224,0.3712918758392334,0.375
grating,2,9,18,0.7749999761581421,0.5,1.0,0.5,0.4444444477558136,0.3529411852359772,0.6666666865348816,0.4880174398422241,0.5
grating,8,10,18,0.800000011920929,0.6,1.0,0.5555555820465088,0.0,0.6363636255264282,0.7142857313156128,0.4502164423465729,0.6000000238418579
chopping,14,4,18,0.6499999761581421,0.4,1.0,0.2222222238779068,0.3684210479259491,0.5,0.3636363744735718,0.41068580746650696,0.4000000059604645
chopping,13,3,18,0.625,0.4,1.0,0.1666666716337204,0.0,0.5777778029441833,0.2857142984867096,0.2878307104110718,0.4000000059604645
sauteing,18,0,18,0.550000011920929,0.15,0.0,0.0,0.0,0.3529411852359772,0.0,0.11764705926179886,0.15000000596046448
sauteing,17,0,17,0.574999988079071,0.2,0.0,0.0,0.3529411852359772,0.13793103396892548,0.0,0.16362406313419342,0.20000000298023224
roasting,18,0,18,0.550000011920929,0.425,0.0,0.0,0.0,0.5964912176132202,0.0,0.19883041083812714,0.42500001192092896
roasting,18,0,18,0.550000011920929,0.125,0.0,0.0,0.11428571492433548,0.2222222238779068,0.0,0.11216931790113449,0.125
mashing,2,0,19,0.5249999761581421,0.25,0.0,0.0,0.35555556416511536,0.25,0.0,0.20185184478759766,0.25
mashing,18,0,18,0.550000011920929,0.4,0.0,0.0,0.699999988079071,0.4285714328289032,0.0,0.3761904537677765,0.4000000059604645
grilling,13,5,18,0.675000011920929,0.575,1.0,0.2777777910232544,0.0,0.7346938848495483,0.43478259444236755,0.3898254930973053,0.574999988079071
grilling,3,10,21,0.7250000238418579,0.675,0.7692307829856873,0.5555555820465088,0.0,0.8717948794364929,0.6451612710952759,0.5056520104408264,0.675000011920929
frying,10,7,19,0.699999988079071,0.35,1.0,0.3684210479259491,0.27272728085517883,0.25,0.5384615659713745,0.35372960567474365,0.3499999940395355
frying,18,0,18,0.550000011920929,0.175,0.0,0.0,0.1666666716337204,0.2631579041481018,0.0,0.14327485859394073,0.17499999701976776
coating,3,11,18,0.824999988079071,0.625,1.0,0.6111111044883728,0.21052631735801697,0.75,0.7586206793785095,0.573049008846283,0.625
coating,18,0,18,0.550000011920929,0.5,0.0,0.0,0.0,0.6779661178588867,0.0,0.2259887009859085,0.5
shredding,4,27,31,0.9230769276618958,0.7692307692307693,1.0,0.8709677457809448,0.0,0.6842105388641357,0.931034505367279,0.5384150147438049,0.7692307829856873
shredding,15,3,18,0.625,0.25,1.0,0.1666666716337204,0.3333333432674408,0.0,0.2857142984867096,0.2063492089509964,0.25
slicing,18,0,18,0.550000011920929,0.35,0.0,0.0,0.6060606241226196,0.27586206793785095,0.0,0.29397425055503845,0.3499999940395355
slicing,9,18,27,0.7749999761581421,0.775,0.6666666865348816,1.0,1.0,0.47058823704719543,0.800000011920929,0.7568626999855042,0.7749999761581421
crushing,18,6,36,0.25,0.15,0.25,0.3333333432674408,0.0,0.0,0.2857142984867096,0.095238097012043,0.15000000596046448
crushing,19,0,19,0.5249999761581421,0.2,0.0,0.0,0.23529411852359772,0.27272728085517883,0.0,0.16934047639369965,0.20000000298023224
chopping,13,5,18,0.675000011920929,0.325,1.0,0.2777777910232544,0.41025641560554504,0.0,0.43478259444236755,0.2816796600818634,0.32499998807907104
chopping,18,0,18,0.550000011920929,0.25,0.0,0.0,0.1666666716337204,0.5384615659713745,0.0,0.2350427508354187,0.25
frying,16,0,16,0.6000000238418579,0.25,0.0,0.0,0.4166666567325592,0.25,0.0,0.2222222089767456,0.25
frying,6,11,17,0.8500000238418579,0.825,1.0,0.6470588445663452,0.0,0.8799999952316284,0.7857142686843872,0.5552380681037903,0.824999988079071
chopping,7,1,18,0.574999988079071,0.3,1.0,0.0555555559694767,0.4000000059604645,0.3076923191547394,0.10526315867900848,0.2709851562976837,0.30000001192092896
chopping,5,11,18,0.824999988079071,0.625,1.0,0.6111111044883728,0.0,0.6829268336296082,0.7586206793785095,0.48051583766937256,0.625
grilling,3,12,17,0.875,0.6,1.0,0.7058823704719543,0.4285714328289032,0.52173912525177,0.8275862336158752,0.5926322937011719,0.6000000238418579
grilling,11,3,17,0.6499999761581421,0.275,1.0,0.1764705926179886,0.1818181872367859,0.31578946113586426,0.30000001192092896,0.26586923003196716,0.2750000059604645
peeling,2,18,20,0.949999988079071,0.7,0.8999999761581421,1.0,0.6153846383094788,0.25,0.9473684430122375,0.6042510271072388,0.699999988079071
peeling,10,7,28,0.4749999940395355,0.35,0.4117647111415863,0.3888888955116272,0.3333333432674408,0.2857142984867096,0.4000000059604645,0.33968254923820496,0.3499999940395355
roasting,0,5,19,0.6499999761581421,0.3,1.0,0.2631579041481018,0.30000001192092896,0.125,0.4166666567325592,0.2805555760860443,0.30000001192092896
roasting,6,2,18,0.6000000238418579,0.525,1.0,0.1111111119389534,0.47999998927116394,0.7428571581840515,0.20000000298023224,0.47428572177886963,0.5249999761581421
shredding,18,0,18,0.550000011920929,0.45,0.0,0.0,0.5,0.5925925970077515,0.0,0.3641975224018097,0.44999998807907104
shredding,18,0,18,0.550000011920929,0.175,0.0,0.0,0.0,0.48275861144065857,0.0,0.16091953217983246,0.17499999701976776
chopping,19,0,19,0.5249999761581421,0.325,0.0,0.0,0.3076923191547394,0.6363636255264282,0.0,0.31468531489372253,0.32499998807907104
chopping,3,18,22,0.8999999761581421,0.75,0.8571428656578064,0.9473684430122375,0.0,0.7272727489471436,0.8999999761581421,0.5424242615699768,0.75
shredding,1,16,18,0.949999988079071,0.9,1.0,0.8888888955116272,0.800000011920929,0.9032257795333862,0.9411764740943909,0.8814674019813538,0.8999999761581421
shredding,8,8,25,0.6382978558540344,0.44680851063829785,1.0,0.3199999928474426,0.5,0.3199999928474426,0.4848484992980957,0.43494948744773865,0.44680851697921753
grilling,9,6,17,0.7250000238418579,0.55,1.0,0.3529411852359772,0.4000000059604645,0.6190476417541504,0.52173912525177,0.5135955810546875,0.550000011920929
grilling,17,0,17,0.574999988079071,0.5,0.0,0.0,0.3333333432674408,0.9090909361839294,0.0,0.4141414165496826,0.5
sauteing,6,16,22,0.8500000238418579,0.75,0.7272727489471436,1.0,0.8181818127632141,0.5,0.8421052694320679,0.7200956344604492,0.75
sauteing,4,5,15,0.75,0.75,1.0,0.3333333432674408,0.75,0.8888888955116272,0.5,0.7129629254341125,0.75
melting,2,12,20,0.800000011920929,0.55,0.8571428656578064,0.6666666865348816,0.46666666865348816,0.3333333432674408,0.75,0.5166666507720947,0.550000011920929
melting,18,0,18,0.550000011920929,0.325,0.0,0.0,0.5714285969734192,0.3414634168148041,0.0,0.3042973279953003,0.32499998807907104
roasting,17,3,31,0.4716981053352356,0.20754716981132076,1.0,0.09677419066429138,0.1764705926179886,0.2631579041481018,0.1764705926179886,0.2053663581609726,0.2075471729040146
roasting,4,4,17,0.675000011920929,0.425,1.0,0.23529411852359772,0.1666666716337204,0.6285714507102966,0.380952388048172,0.3920634984970093,0.42500001192092896
mashing,19,0,19,0.5249999761581421,0.475,0.0,0.0,0.8571428656578064,0.5531914830207825,0.0,0.4701114594936371,0.4749999940395355
mashing,12,4,18,0.6499999761581421,0.475,1.0,0.2222222238779068,0.0,0.6122449040412903,0.3636363744735718,0.32529374957084656,0.4749999940395355
chopping,5,8,18,0.75,0.525,1.0,0.4444444477558136,0.3636363744735718,0.5625,0.6153846383094788,0.51384037733078,0.5249999761581421
chopping,4,2,18,0.6000000238418579,0.425,1.0,0.1111111119389534,0.095238097012043,0.7179487347602844,0.20000000298023224,0.33772894740104675,0.42500001192092896
grilling,18,0,18,0.550000011920929,0.55,0.0,0.0,0.5925925970077515,0.800000011920929,0.0,0.4641975462436676,0.550000011920929
grilling,4,2,18,0.6000000238418579,0.35,1.0,0.1111111119389534,0.23529411852359772,0.6153846383094788,0.20000000298023224,0.3502262532711029,0.3499999940395355
zesting,0,10,18,0.800000011920929,0.625,1.0,0.5555555820465088,0.48275861144065857,0.695652186870575,0.7142857313156128,0.6308988332748413,0.625
zesting,30,10,40,0.5161290168762207,0.45161290322580644,1.0,0.25,0.5833333134651184,0.4399999976158142,0.4000000059604645,0.4744444191455841,0.4516128897666931
browning,18,0,18,0.550000011920929,0.525,0.0,0.0,0.800000011920929,0.6666666865348816,0.0,0.4888888895511627,0.5249999761581421
browning,18,0,18,0.550000011920929,0.45,0.0,0.0,0.0,0.6206896305084229,0.0,0.20689654350280762,0.44999998807907104
chopping,1,16,34,0.6785714030265808,0.4107142857142857,1.0,0.47058823704719543,0.27272728085517883,0.1111111119389534,0.6399999856948853,0.3412794768810272,0.4107142984867096
chopping,15,3,18,0.625,0.35,1.0,0.1666666716337204,0.5600000023841858,0.23529411852359772,0.2857142984867096,0.36033615469932556,0.3499999940395355
slicing,18,0,18,0.550000011920929,0.525,0.0,0.0,0.9411764740943909,0.5777778029441833,0.0,0.5063180923461914,0.5249999761581421
slicing,7,12,19,0.824999988079071,0.375,1.0,0.6315789222717285,0.19354838132858276,0.0,0.774193525314331,0.32258063554763794,0.375
crushing,36,0,36,0.3684210479259491,0.2982456140350877,0.0,0.0,0.3333333432674408,0.4444444477558136,0.0,0.25925925374031067,0.2982456088066101
crushing,15,3,18,0.625,0.525,1.0,0.1666666716337204,0.7368420958518982,0.550000011920929,0.2857142984867096,0.5241854786872864,0.5249999761581421
chopping,10,5,19,0.6499999761581421,0.5,1.0,0.2631579041481018,0.0,0.6521739363670349,0.4166666567325592,0.35628020763397217,0.5
chopping,2,11,18,0.824999988079071,0.65,1.0,0.6111111044883728,0.0,0.7692307829856873,0.7586206793785095,0.5092838406562805,0.6499999761581421
melting,3,19,22,0.925000011920929,0.775,0.8636363744735718,1.0,0.0,0.7272727489471436,0.9268292784690857,0.5513673424720764,0.7749999761581421
melting,14,5,19,0.6499999761581421,0.5,1.0,0.2631579041481018,0.4761904776096344,0.5714285969734192,0.4166666567325592,0.4880952537059784,0.5
slicing,1,1,18,0.574999988079071,0.275,1.0,0.0555555559694767,0.3255814015865326,0.3333333432674408,0.10526315867900848,0.25472596287727356,0.2750000059604645
slicing,0,6,18,0.699999988079071,0.45,1.0,0.3333333432674408,0.3888888955116272,0.5,0.5,0.46296295523643494,0.44999998807907104
whipping,13,5,19,0.6499999761581421,0.55,1.0,0.2631579041481018,0.2222222238779068,0.6808510422706604,0.4166666567325592,0.4399133026599884,0.550000011920929
whipping,19,0,19,0.5249999761581421,0.25,0.0,0.0,0.0,0.4545454680919647,0.0,0.1515151560306549,0.25
crushing,8,18,26,0.800000011920929,0.55,0.692307710647583,1.0,0.0,0.3076923191547394,0.8181818127632141,0.3752913773059845,0.550000011920929
crushing,9,5,18,0.675000011920929,0.5,1.0,0.2777777910232544,0.6206896305084229,0.4285714328289032,0.43478259444236755,0.4946812391281128,0.5
slicing,3,0,21,0.4749999940395355,0.25,0.0,0.0,0.3076923191547394,0.4000000059604645,0.0,0.23589743673801422,0.25
slicing,8,8,18,0.75,0.6,1.0,0.4444444477558136,0.5600000023841858,0.6206896305084229,0.6153846383094788,0.5986914038658142,0.6000000238418579
peeling,2,16,18,0.949999988079071,0.675,1.0,0.8888888955116272,0.0,0.6285714507102966,0.9411764740943909,0.5232493281364441,0.675000011920929
peeling,2,14,20,0.8500000238418579,0.725,0.875,0.7777777910232544,0.5263158082962036,0.7407407164573669,0.8235294222831726,0.696861982345581,0.7250000238418579
sauteing,17,0,17,0.574999988079071,0.325,0.0,0.0,0.4137931168079376,0.4117647111415863,0.0,0.2751859426498413,0.32499998807907104
sauteing,8,6,17,0.7250000238418579,0.45,1.0,0.3529411852359772,0.4137931168079376,0.4285714328289032,0.52173912525177,0.4547012150287628,0.44999998807907104
grating,4,13,18,0.875,0.775,1.0,0.7222222089767456,0.7368420958518982,0.7333333492279053,0.8387096524238586,0.7696283459663391,0.7749999761581421
grating,16,2,18,0.6000000238418579,0.375,1.0,0.1111111119389534,0.0,0.5098039507865906,0.20000000298023224,0.2366013079881668,0.375
peeling,19,0,19,0.5249999761581421,0.225,0.0,0.0,0.1621621549129486,0.5,0.0,0.22072072327136993,0.22499999403953552
peeling,21,0,21,0.5116279125213623,0.4186046511627907,0.0,0.0,0.7777777910232544,0.4680851101875305,0.0,0.41528764367103577,0.41860464215278625
blending,18,0,18,0.550000011920929,0.325,0.0,0.0,0.3076923191547394,0.6086956262588501,0.0,0.30546262860298157,0.32499998807907104
blending,1,12,18,0.8500000238418579,0.675,1.0,0.6666666865348816,0.0,0.7894737124443054,0.800000011920929,0.5298245549201965,0.675000011920929
frying,5,13,18,0.875,0.725,1.0,0.7222222089767456,0.0,0.7441860437393188,0.8387096524238586,0.527631938457489,0.7250000238418579
frying,16,2,18,0.6000000238418579,0.45,1.0,0.1111111119389534,0.0,0.6274510025978088,0.20000000298023224,0.27581700682640076,0.44999998807907104
slicing,1,7,18,0.7250000238418579,0.6,1.0,0.3888888955116272,0.21052631735801697,0.8333333134651184,0.5600000023841858,0.5346198678016663,0.6000000238418579
slicing,18,0,18,0.550000011920929,0.45,0.0,0.0,0.0,0.6206896305084229,0.0,0.20689654350280762,0.44999998807907104
blending,4,15,19,0.8999999761581421,0.625,1.0,0.7894737124443054,0.5,0.3636363744735718,0.8823529481887817,0.5819964408874512,0.625
blending,3,14,18,0.8999999761581421,0.7,1.0,0.7777777910232544,0.0,0.7179487347602844,0.875,0.5309829115867615,0.699999988079071
blending,4,8,19,0.7250000238418579,0.525,1.0,0.42105263471603394,0.4000000059604645,0.5714285969734192,0.5925925970077515,0.5213404297828674,0.5249999761581421
blending,7,11,18,0.824999988079071,0.55,1.0,0.6111111044883728,0.1538461595773697,0.5263158082962036,0.7586206793785095,0.47959423065185547,0.550000011920929
browning,3,20,23,0.925000011920929,0.85,0.8695651888847351,1.0,0.4000000059604645,0.8125,0.930232584476471,0.7142441868782043,0.8500000238418579
browning,6,4,19,0.625,0.375,1.0,0.21052631735801697,0.08695652335882187,0.5882353186607361,0.3478260934352875,0.34100595116615295,0.375
rolling,7,12,19,0.824999988079071,0.675,1.0,0.6315789222717285,0.0,0.6976743936538696,0.774193525314331,0.4906226396560669,0.675000011920929
rolling,6,13,19,0.8500000238418579,0.6,1.0,0.6842105388641357,0.5,0.4285714328289032,0.8125,0.5803571343421936,0.6000000238418579
roasting,2,5,21,0.6000000238418579,0.3,0.7142857313156128,0.2631579041481018,0.1875,0.3636363744735718,0.38461539149284363,0.3119172751903534,0.30000001192092896
roasting,9,9,18,0.7749999761581421,0.375,1.0,0.5,0.0,0.4285714328289032,0.6666666865348816,0.3650793731212616,0.375
melting,4,14,18,0.8999999761581421,0.6,1.0,0.7777777910232544,0.46666666865348816,0.3333333432674408,0.875,0.5583333373069763,0.6000000238418579
melting,3,1,19,0.550000011920929,0.325,1.0,0.05263157933950424,0.3333333432674408,0.5,0.10000000149011612,0.31111112236976624,0.32499998807907104
whipping,19,0,19,0.5249999761581421,0.05,0.0,0.0,0.0,0.12121212482452393,0.0,0.04040404036641121,0.05000000074505806
whipping,19,0,19,0.5249999761581421,0.425,0.0,0.0,0.3333333432674408,0.581818163394928,0.0,0.30505049228668213,0.42500001192092896
mashing,18,0,18,0.550000011920929,0.475,0.0,0.0,0.7272727489471436,0.5882353186607361,0.0,0.438502699136734,0.4749999940395355
mashing,5,14,19,0.875,0.7,1.0,0.7368420958518982,0.0,0.699999988079071,0.8484848737716675,0.5161616206169128,0.699999988079071
coating,10,9,19,0.75,0.7,1.0,0.4736842215061188,0.0,0.7599999904632568,0.6428571343421936,0.46761903166770935,0.699999988079071
coating,19,0,19,0.5249999761581421,0.425,0.0,0.0,0.0,0.7906976938247681,0.0,0.26356589794158936,0.42500001192092896
chopping,2,8,19,0.7250000238418579,0.5,1.0,0.42105263471603394,0.4000000059604645,0.52173912525177,0.5925925970077515,0.5047772526741028,0.5
chopping,16,0,33,0.17499999701976776,0.05,0.0,0.0,0.13793103396892548,0.0,0.0,0.04597701132297516,0.05000000074505806
slicing,3,16,19,0.925000011920929,0.7,1.0,0.8421052694320679,0.5714285969734192,0.5,0.9142857193946838,0.6619047522544861,0.699999988079071
slicing,6,19,25,0.8500000238418579,0.525,0.7599999904632568,1.0,0.13333334028720856,0.095238097012043,0.8636363744735718,0.36406925320625305,0.5249999761581421
frying,18,0,18,0.550000011920929,0.425,0.0,0.0,0.0,0.5964912176132202,0.0,0.19883041083812714,0.42500001192092896
frying,18,0,18,0.550000011920929,0.325,0.0,0.0,0.3529411852359772,0.4444444477558136,0.0,0.26579520106315613,0.32499998807907104
blending,32,24,60,0.5555555820465088,0.4691358024691358,1.0,0.4000000059604645,0.0,0.7368420958518982,0.5714285969734192,0.43609023094177246,0.4691357910633087
blending,15,4,19,0.625,0.475,1.0,0.21052631735801697,0.0,0.7894737124443054,0.3478260934352875,0.37909993529319763,0.4749999940395355
slicing,33,3,36,0.42105263471603394,0.2631578947368421,1.0,0.0833333358168602,0.5714285969734192,0.2222222238779068,0.1538461595773697,0.31583231687545776,0.2631579041481018
slicing,5,14,19,0.875,0.725,1.0,0.7368420958518982,0.0,0.7317073345184326,0.8484848737716675,0.5267307162284851,0.7250000238418579
melting,6,13,19,0.8500000238418579,0.55,1.0,0.6842105388641357,0.4545454680919647,0.3076923191547394,0.8125,0.5249125957489014,0.550000011920929
melting,31,0,31,0.4038461446762085,0.28846153846153844,0.0,0.0,0.0,0.4838709533214569,0.0,0.16129031777381897,0.2884615361690521
melting,9,10,19,0.7749999761581421,0.35,1.0,0.5263158082962036,0.25,0.0,0.6896551847457886,0.3132183849811554,0.3499999940395355
crushing,18,0,18,0.550000011920929,0.4,0.0,0.0,0.4000000059604645,0.5384615659713745,0.0,0.31282052397727966,0.4000000059604645
crushing,7,11,18,0.824999988079071,0.625,1.0,0.6111111044883728,0.692307710647583,0.4000000059604645,0.7586206793785095,0.6169760823249817,0.625
grilling,8,7,17,0.75,0.2,1.0,0.4117647111415863,0.05882352963089943,0.0,0.5833333134651184,0.21405227482318878,0.20000000298023224
grilling,18,0,18,0.550000011920929,0.4,0.0,0.0,0.0,0.5714285969734192,0.0,0.190476194024086,0.4000000059604645
blending,19,0,19,0.5249999761581421,0.325,0.0,0.0,0.1538461595773697,0.6285714507102966,0.0,0.2608058750629425,0.32499998807907104
blending,19,0,19,0.5249999761581421,0.25,0.0,0.0,0.42105263471603394,0.2857142984867096,0.0,0.23558898270130157,0.25
rolling,18,0,18,0.550000011920929,0.325,0.0,0.0,0.3636363744735718,0.44999998807907104,0.0,0.2712121307849884,0.32499998807907104
rolling,19,0,19,0.5249999761581421,0.4,0.0,0.0,0.0,0.5714285969734192,0.0,0.190476194024086,0.4000000059604645
peeling,12,4,18,0.6499999761581421,0.3,1.0,0.2222222238779068,0.19354838132858276,0.37037035822868347,0.3636363744735718,0.3091850280761719,0.30000001192092896
peeling,18,0,18,0.550000011920929,0.45,0.0,0.0,0.5,0.5925925970077515,0.0,0.3641975224018097,0.44999998807907104
browning,54,0,54,0.29870128631591797,0.14285714285714285,0.0,0.0,0.0,0.3283582031726837,0.0,0.1094527319073677,0.1428571492433548
browning,18,0,18,0.550000011920929,0.375,0.0,0.0,0.380952388048172,0.5365853905677795,0.0,0.3058459460735321,0.375
grating,2,18,20,0.949999988079071,0.75,0.8999999761581421,1.0,0.5,0.6153846383094788,0.9473684430122375,0.6875843405723572,0.75
grating,12,2,18,0.6000000238418579,0.25,1.0,0.1111111119389534,0.3684210479259491,0.09090909361839294,0.20000000298023224,0.2197767049074173,0.25
grilling,16,0,16,0.6000000238418579,0.525,0.0,0.0,0.0,0.688524603843689,0.0,0.2295082062482834,0.5249999761581421
grilling,16,16,32,0.6000000238418579,0.6,0.5,1.0,1.0,0.46666666865348816,0.6666666865348816,0.7111111283302307,0.6000000238418579
browning,17,0,17,0.574999988079071,0.3,0.0,0.0,0.52173912525177,0.30000001192092896,0.0,0.27391305565834045,0.30000001192092896
browning,17,0,17,0.574999988079071,0.3,0.0,0.0,0.4615384638309479,0.3243243098258972,0.0,0.26195427775382996,0.30000001192092896
shredding,11,7,18,0.7250000238418579,0.4,1.0,0.3888888955116272,0.5,0.0,0.5600000023841858,0.35333332419395447,0.4000000059604645
shredding,10,8,18,0.75,0.55,1.0,0.4444444477558136,0.0,0.6666666865348816,0.6153846383094788,0.4273504316806793,0.550000011920929
mincing,3,17,35,0.6842105388641357,0.5263157894736842,1.0,0.48571428656578064,0.0,0.5777778029441833,0.6538461446762085,0.410541296005249,0.5263158082962036
mincing,18,0,18,0.550000011920929,0.425,0.0,0.0,0.6363636255264282,0.5,0.0,0.3787878751754761,0.42500001192092896
roasting,13,3,19,0.6000000238418579,0.5,1.0,0.15789473056793213,0.0,0.6666666865348816,0.27272728085517883,0.31313133239746094,0.5
roasting,4,11,18,0.824999988079071,0.475,1.0,0.6111111044883728,0.3636363744735718,0.2222222238779068,0.7586206793785095,0.448159784078598,0.4749999940395355
blending,2,16,18,0.949999988079071,0.775,1.0,0.8888888955116272,0.6666666865348816,0.6399999856948853,0.9411764740943909,0.7492809891700745,0.7749999761581421
blending,5,13,18,0.875,0.725,1.0,0.7222222089767456,0.699999988079071,0.6206896305084229,0.8387096524238586,0.7197997570037842,0.7250000238418579
squeezing,30,11,41,0.5161290168762207,0.46774193548387094,1.0,0.26829269528388977,0.6666666865348816,0.4761904776096344,0.42307692766189575,0.5219780802726746,0.4677419364452362
squeezing,19,0,19,0.5249999761581421,0.35,0.0,0.0,0.0,0.7179487347602844,0.0,0.23931623995304108,0.3499999940395355
chopping,10,6,18,0.699999988079071,0.35,1.0,0.3333333432674408,0.47058823704719543,0.0,0.5,0.3235293924808502,0.3499999940395355
chopping,2,18,20,0.949999988079071,0.7,0.8999999761581421,1.0,0.5833333134651184,0.3333333432674408,0.9473684430122375,0.621345043182373,0.699999988079071
mincing,0,1,18,0.574999988079071,0.425,1.0,0.0555555559694767,0.41025641560554504,0.7272727489471436,0.10526315867900848,0.41426408290863037,0.42500001192092896
mincing,18,0,18,0.550000011920929,0.25,0.0,0.0,0.3478260934352875,0.25,0.0,0.19927537441253662,0.25
coating,19,0,19,0.5249999761581421,0.4,0.0,0.0,0.0,0.5714285969734192,0.0,0.190476194024086,0.4000000059604645
coating,12,7,19,0.699999988079071,0.65,1.0,0.3684210479259491,0.5,0.7200000286102295,0.5384615659713745,0.5861538648605347,0.6499999761581421
slicing,4,2,23,0.4749999940395355,0.375,0.3333333432674408,0.10526315867900848,0.2222222238779068,0.7142857313156128,0.1599999964237213,0.36550262570381165,0.375
slicing,14,3,18,0.625,0.525,1.0,0.1666666716337204,0.5925925970077515,0.625,0.2857142984867096,0.5011022686958313,0.5249999761581421
mashing,1,3,20,0.574999988079071,0.5,0.75,0.15789473056793213,0.3870967626571655,0.8461538553237915,0.260869562625885,0.4980400502681732,0.5
mashing,19,0,19,0.5249999761581421,0.5,0.0,0.0,0.6000000238418579,0.6829268336296082,0.0,0.42764225602149963,0.5
crushing,4,9,22,0.675000011920929,0.5,0.692307710647583,0.5,0.5,0.3529411852359772,0.5806451439857483,0.4778621196746826,0.5
crushing,17,1,18,0.574999988079071,0.375,1.0,0.0555555559694767,0.0,0.5490196347236633,0.10526315867900848,0.21809427440166473,0.375
chopping,0,1,18,0.574999988079071,0.275,1.0,0.0555555559694767,0.38297873735427856,0.1428571492433548,0.10526315867900848,0.210366353392601,0.2750000059604645
chopping,0,3,18,0.625,0.6,1.0,0.1666666716337204,0.5,0.9629629850387573,0.2857142984867096,0.5828924179077148,0.6000000238418579
blending,6,18,24,0.8500000238418579,0.7,0.75,1.0,0.5,0.5384615659713745,0.8571428656578064,0.6318681240081787,0.699999988079071
blending,19,0,19,0.5249999761581421,0.375,0.0,0.0,0.20000000298023224,0.5490196347236633,0.0,0.24967320263385773,0.375
chopping,19,13,32,0.6481481194496155,0.3888888888888889,1.0,0.40625,0.4324324429035187,0.0,0.5777778029441833,0.3367367684841156,0.3888888955116272
chopping,4,3,22,0.5249999761581421,0.375,0.4285714328289032,0.1666666716337204,0.0,0.7058823704719543,0.23999999463558197,0.3152941167354584,0.375
browning,7,10,18,0.800000011920929,0.45,1.0,0.5555555820465088,0.2857142984867096,0.32258063554763794,0.7142857313156128,0.44086024165153503,0.44999998807907104
browning,11,7,18,0.7250000238418579,0.675,1.0,0.3888888955116272,0.4000000059604645,0.800000011920929,0.5600000023841858,0.5866666436195374,0.675000011920929
coating,11,8,20,0.699999988079071,0.65,1.0,0.4000000059604645,0.0,0.8571428656578064,0.5714285969734192,0.4761904776096344,0.6499999761581421
coating,6,13,19,0.8500000238418579,0.775,1.0,0.6842105388641357,0.0,0.800000011920929,0.8125,0.5374999642372131,0.7749999761581421
chopping,3,6,18,0.699999988079071,0.45,1.0,0.3333333432674408,0.42105263471603394,0.4444444477558136,0.5,0.45516571402549744,0.44999998807907104
chopping,7,3,18,0.625,0.425,1.0,0.1666666716337204,0.529411792755127,0.4000000059604645,0.2857142984867096,0.40504202246665955,0.42500001192092896
whipping,19,0,19,0.5249999761581421,0.4,0.0,0.0,0.6666666865348816,0.47826087474823,0.0,0.38164249062538147,0.4000000059604645
whipping,11,1,19,0.550000011920929,0.325,1.0,0.05263157933950424,0.38461539149284363,0.4117647111415863,0.10000000149011612,0.29879337549209595,0.32499998807907104
peeling,0,18,18,1.0,0.725,1.0,1.0,0.0,0.6666666865348816,1.0,0.5555555820465088,0.7250000238418579
peeling,13,5,18,0.675000011920929,0.425,1.0,0.2777777910232544,0.37837839126586914,0.5,0.43478259444236755,0.43772032856941223,0.42500001192092896
browning,9,5,19,0.6499999761581421,0.3,1.0,0.2631579041481018,0.29629629850387573,0.2068965584039688,0.4166666567325592,0.3066198527812958,0.30000001192092896
browning,18,0,18,0.550000011920929,0.475,0.0,0.0,0.0,0.6440678238868713,0.0,0.21468926966190338,0.4749999940395355
chopping,9,9,18,0.7749999761581421,0.6,1.0,0.5,0.5,0.6666666865348816,0.6666666865348816,0.6111111640930176,0.6000000238418579
chopping,9,9,18,0.7749999761581421,0.525,1.0,0.5,0.5833333134651184,0.3448275923728943,0.6666666865348816,0.5316092371940613,0.5249999761581421
frying,13,0,24,0.4000000059604645,0.075,0.0,0.0,0.0,0.23076923191547394,0.0,0.07692307978868484,0.07500000298023224
frying,10,4,14,0.75,0.525,1.0,0.2857142984867096,0.48275861144065857,0.6060606241226196,0.4444444477558136,0.5110878944396973,0.5249999761581421
chopping,6,9,18,0.7749999761581421,0.6,1.0,0.5,0.6428571343421936,0.47999998927116394,0.6666666865348816,0.5965079665184021,0.6000000238418579
chopping,8,10,26,0.6000000238418579,0.575,0.5555555820465088,0.5555555820465088,0.6666666865348816,0.47058823704719543,0.5555555820465088,0.5642701983451843,0.574999988079071
melting,62,14,76,0.36082473397254944,0.28865979381443296,1.0,0.18421052396297455,0.4615384638309479,0.24175824224948883,0.31111112236976624,0.3381359577178955,0.2886597812175751
melting,18,0,18,0.550000011920929,0.35,0.0,0.0,0.6000000238418579,0.380952388048172,0.0,0.32698413729667664,0.3499999940395355
chopping,14,5,19,0.6499999761581421,0.325,1.0,0.2631579041481018,0.3684210479259491,0.1111111119389534,0.4166666567325592,0.2987329363822937,0.32499998807907104
chopping,3,1,19,0.550000011920929,0.225,1.0,0.05263157933950424,0.25,0.30000001192092896,0.10000000149011612,0.21666668355464935,0.22499999403953552
sauteing,17,0,17,0.574999988079071,0.225,0.0,0.0,0.5454545617103577,0.0,0.0,0.1818181872367859,0.22499999403953552
sauteing,17,0,17,0.574999988079071,0.375,0.0,0.0,0.4324324429035187,0.5384615659713745,0.0,0.32363131642341614,0.375
browning,22,5,55,0.350649356842041,0.15584415584415584,1.0,0.09090909361839294,0.1846153885126114,0.06896551698446274,0.1666666716337204,0.14008252322673798,0.15584415197372437
browning,10,3,19,0.6000000238418579,0.575,1.0,0.15789473056793213,0.47999998927116394,0.8484848737716675,0.27272728085517883,0.5337373614311218,0.574999988079071
frying,6,6,16,0.75,0.45,1.0,0.375,0.0,0.6486486196517944,0.5454545617103577,0.3980344235897064,0.44999998807907104
frying,15,0,15,0.625,0.075,0.0,0.0,0.0,0.13953489065170288,0.0,0.046511631458997726,0.07500000298023224
grating,7,4,18,0.6499999761581421,0.4,1.0,0.2222222238779068,0.3684210479259491,0.5,0.3636363744735718,0.41068580746650696,0.4000000059604645
grating,4,9,22,0.675000011920929,0.525,0.692307710647583,0.5,0.48275861144065857,0.5,0.5806451439857483,0.521134614944458,0.5249999761581421
slicing,9,9,18,0.7749999761581421,0.675,1.0,0.5,0.800000011920929,0.6060606241226196,0.6666666865348816,0.6909091472625732,0.675000011920929
roasting,18,0,18,0.550000011920929,0.3,0.0,0.0,0.4848484992980957,0.27586206793785095,0.0,0.25357019901275635,0.30000001192092896
shredding,4,13,22,0.7749999761581421,0.675,0.7647058963775635,0.7222222089767456,0.0,0.7777777910232544,0.7428571581840515,0.5068783164024353,0.675000011920929
shredding,9,13,26,0.675000011920929,0.6,0.6190476417541504,0.7222222089767456,0.6000000238418579,0.4761904776096344,0.6666666865348816,0.5809524059295654,0.6000000238418579
roasting,18,0,18,0.550000011920929,0.55,0.0,0.0,1.0,0.6538461446762085,0.0,0.5512820482254028,0.550000011920929
roasting,4,23,29,0.8846153616905212,0.8269230769230769,1.0,0.7931034564971924,0.2222222238779068,0.8837209343910217,0.8846153616905212,0.663519561290741,0.8269230723381042
chopping,11,4,29,0.375,0.2,0.2666666805744171,0.2222222238779068,0.0,0.3076923191547394,0.24242424964904785,0.18337218463420868,0.20000000298023224
chopping,1,13,18,0.875,0.675,1.0,0.7222222089767456,0.0,0.7567567825317383,0.8387096524238586,0.531822144985199,0.675000011920929
blending,6,19,25,0.8500000238418579,0.575,0.7599999904632568,1.0,0.42105263471603394,0.0,0.8636363744735718,0.4282296597957611,0.574999988079071
blending,0,19,19,1.0,0.925,1.0,1.0,0.800000011920929,0.8888888955116272,1.0,0.8962963223457336,0.925000011920929
coating,15,3,19,0.6000000238418579,0.425,1.0,0.15789473056793213,0.23529411852359772,0.5853658318519592,0.27272728085517883,0.36446240544319153,0.42500001192092896
coating,5,10,19,0.7749999761581421,0.725,1.0,0.5263158082962036,0.6315789222717285,0.8125,0.6896551847457886,0.7112447619438171,0.7250000238418579
melting,11,2,19,0.574999988079071,0.125,1.0,0.10526315867900848,0.1764705926179886,0.0,0.190476194024086,0.12231559306383133,0.125
melting,19,0,19,0.5249999761581421,0.475,0.0,0.0,0.0,0.6440678238868713,0.0,0.21468926966190338,0.4749999940395355
chopping,0,14,18,0.8999999761581421,0.825,1.0,0.7777777910232544,0.6666666865348816,0.8888888955116272,0.875,0.8101851940155029,0.824999988079071
chopping,18,0,18,0.550000011920929,0.4,0.0,0.0,0.5454545617103577,0.48275861144065857,0.0,0.34273770451545715,0.4000000059604645
squeezing,19,0,19,0.5249999761581421,0.4,0.0,0.0,0.095238097012043,0.75,0.0,0.2817460298538208,0.4000000059604645
squeezing,2,18,20,0.949999988079071,0.65,0.8999999761581421,1.0,0.5384615659713745,0.125,0.9473684430122375,0.5369433760643005,0.6499999761581421
browning,18,0,18,0.550000011920929,0.45,0.0,0.0,0.3125,0.8666666746139526,0.0,0.3930555582046509,0.44999998807907104
browning,13,4,18,0.6499999761581421,0.325,1.0,0.2222222238779068,0.3333333432674408,0.2857142984867096,0.3636363744735718,0.3275613486766815,0.32499998807907104
crushing,0,9,19,0.75,0.7,1.0,0.4736842215061188,0.3333333432674408,0.9411764740943909,0.6428571343421936,0.6391223073005676,0.699999988079071
crushing,18,0,18,0.550000011920929,0.45,0.0,0.0,0.7777777910232544,0.5,0.0,0.42592594027519226,0.44999998807907104
chopping,18,0,18,0.550000011920929,0.325,0.0,0.0,0.46666666865348816,0.375,0.0,0.2805555760860443,0.32499998807907104
chopping,1,1,18,0.574999988079071,0.2,1.0,0.0555555559694767,0.31111112236976624,0.0,0.10526315867900848,0.13879142701625824,0.20000000298023224
melting,19,0,19,0.5249999761581421,0.4,0.0,0.0,0.3125,0.7586206793785095,0.0,0.35704025626182556,0.4000000059604645
melting,0,17,19,0.949999988079071,0.875,1.0,0.8947368264198303,0.2857142984867096,0.9189189076423645,0.9444444179534912,0.7163591980934143,0.875
melting,1,18,19,0.9750000238418579,0.85,1.0,0.9473684430122375,0.4444444477558136,0.8235294222831726,0.9729729890823364,0.7469822764396667,0.8500000238418579
melting,4,19,23,0.8999999761581421,0.8,0.8260869383811951,1.0,0.0,0.7647058963775635,0.9047619104385376,0.5564892888069153,0.800000011920929
browning,27,5,32,0.5,0.3888888888888889,1.0,0.15625,0.0,0.5,0.2702702581882477,0.2567567527294159,0.3888888955116272
browning,15,3,18,0.625,0.525,1.0,0.1666666716337204,0.0,0.6666666865348816,0.2857142984867096,0.3174603283405304,0.5249999761581421
frying,17,0,17,0.574999988079071,0.2,0.0,0.0,0.2857142984867096,0.2380952388048172,0.0,0.1746031790971756,0.20000000298023224
frying,11,30,57,0.6086956262588501,0.5797101449275363,0.7317073345184326,0.6521739363670349,0.0,0.6060606241226196,0.6896551847457886,0.43190526962280273,0.5797101259231567
frying,15,0,15,0.625,0.5,0.0,0.0,0.7058823704719543,0.5833333134651184,0.0,0.4297385513782501,0.5
frying,16,0,16,0.6000000238418579,0.2,0.0,0.0,0.3076923191547394,0.21052631735801697,0.0,0.17273955047130585,0.20000000298023224
frying,17,0,17,0.574999988079071,0.425,0.0,0.0,0.625,0.5106382966041565,0.0,0.3785460889339447,0.42500001192092896
frying,16,0,16,0.6000000238418579,0.375,0.0,0.0,0.5365853905677795,0.3478260934352875,0.0,0.29480382800102234,0.375
coating,45,7,53,0.3866666555404663,0.14666666666666667,1.0,0.1320754736661911,0.1568627506494522,0.0,0.23333333432674408,0.13006536662578583,0.14666666090488434
coating,1,19,20,0.9750000238418579,0.925,0.949999988079071,1.0,0.5,0.9189189076423645,0.9743589758872986,0.7977592945098877,0.925000011920929
grilling,8,15,23,0.800000011920929,0.675,0.6521739363670349,1.0,0.5454545617103577,0.5806451439857483,0.7894737124443054,0.6385244727134705,0.675000011920929
grilling,15,1,16,0.625,0.55,1.0,0.0625,0.7692307829856873,0.6399999856948853,0.11764705926179886,0.5089592337608337,0.550000011920929
melting,19,0,19,0.5249999761581421,0.15,0.0,0.0,0.11764705926179886,0.22727273404598236,0.0,0.1149732694029808,0.15000000596046448
melting,1,1,20,0.5249999761581421,0.25,0.5,0.05263157933950424,0.25641027092933655,0.4000000059604645,0.095238097012043,0.25054946541786194,0.25
peeling,6,12,18,0.8500000238418579,0.675,1.0,0.6666666865348816,0.695652186870575,0.5185185074806213,0.800000011920929,0.6713902354240417,0.675000011920929
peeling,18,0,18,0.550000011920929,0.375,0.0,0.0,0.0,0.5454545617103577,0.0,0.1818181872367859,0.375
slicing,24,24,73,0.4842105209827423,0.37894736842105264,1.0,0.3287671208381653,0.3137255012989044,0.190476194024086,0.49484536051750183,0.33301568031311035,0.378947377204895
slicing,14,2,19,0.574999988079071,0.45,1.0,0.10526315867900848,0.0,0.6274510025978088,0.190476194024086,0.2726424038410187,0.44999998807907104
crushing,2,12,18,0.8500000238418579,0.5,1.0,0.6666666865348816,0.1666666716337204,0.4615384638309479,0.800000011920929,0.476068377494812,0.5
crushing,5,4,23,0.5249999761581421,0.175,0.4444444477558136,0.2222222238779068,0.125,0.095238097012043,0.29629629850387573,0.17217813432216644,0.17499999701976776
grating,8,10,18,0.800000011920929,0.625,1.0,0.5555555820465088,0.0,0.6666666865348816,0.7142857313156128,0.460317462682724,0.625
grating,13,3,18,0.625,0.525,1.0,0.1666666716337204,0.75,0.5142857432365417,0.2857142984867096,0.5166667103767395,0.5249999761581421
crushing,0,11,18,0.824999988079071,0.65,1.0,0.6111111044883728,0.0,0.8108108043670654,0.7586206793785095,0.5231438279151917,0.6499999761581421
crushing,14,4,18,0.6499999761581421,0.5,1.0,0.2222222238779068,0.0,0.6153846383094788,0.3636363744735718,0.32634034752845764,0.5
shredding,18,0,18,0.550000011920929,0.375,0.0,0.0,0.0,0.7317073345184326,0.0,0.24390244483947754,0.375
shredding,12,7,19,0.699999988079071,0.375,1.0,0.3684210479259491,0.47999998927116394,0.13793103396892548,0.5384615659713745,0.3854641914367676,0.375
browning,16,0,16,0.6000000238418579,0.375,0.0,0.0,0.42105263471603394,0.5384615659713745,0.0,0.3198380768299103,0.375
browning,6,11,17,0.8500000238418579,0.725,1.0,0.6470588445663452,0.4444444477558136,0.7441860437393188,0.7857142686843872,0.6581149101257324,0.7250000238418579
chopping,15,9,24,0.6739130616188049,0.5434782608695652,1.0,0.375,0.6666666865348816,0.4878048896789551,0.5454545617103577,0.5666420459747314,0.54347825050354
chopping,13,13,31,0.550000011920929,0.375,0.5,0.7222222089767456,0.0,0.1666666716337204,0.5909090638160706,0.2525252401828766,0.375
frying,3,5,19,0.6499999761581421,0.45,0.7142857313156128,0.29411765933036804,0.0,0.7222222089767456,0.4166666567325592,0.37962961196899414,0.44999998807907104
frying,17,0,17,0.574999988079071,0.475,0.0,0.0,0.0,0.6440678238868713,0.0,0.21468926966190338,0.4749999940395355
chopping,19,0,19,0.5249999761581421,0.15,0.0,0.0,0.34285715222358704,0.0,0.0,0.11428571492433548,0.15000000596046448
chopping,6,11,24,0.675000011920929,0.4,0.6470588445663452,0.6111111044883728,0.3571428656578064,0.0,0.6285714507102966,0.3285714387893677,0.4000000059604645
zesting,3,19,24,0.8913043737411499,0.6521739130434783,1.0,0.7916666865348816,0.5185185074806213,0.3636363744735718,0.8837209343910217,0.5886252522468567,0.6521739363670349
zesting,18,0,18,0.550000011920929,0.375,0.0,0.0,0.0,0.6976743936538696,0.0,0.23255813121795654,0.375
slicing,2,17,19,0.949999988079071,0.775,1.0,0.8947368264198303,0.0,0.7567567825317383,0.9444444179534912,0.5670670866966248,0.7749999761581421
slicing,19,0,19,0.5249999761581421,0.475,0.0,0.0,0.0,0.6440678238868713,0.0,0.21468926966190338,0.4749999940395355
frying,18,0,18,0.550000011920929,0.5,0.0,0.0,0.3529411852359772,0.7555555701255798,0.0,0.36949893832206726,0.5
frying,17,0,17,0.574999988079071,0.4,0.0,0.0,0.4000000059604645,0.6060606241226196,0.0,0.3353535234928131,0.4000000059604645
peeling,19,0,19,0.5249999761581421,0.275,0.0,0.0,0.5454545617103577,0.25641027092933655,0.0,0.26728829741477966,0.2750000059604645
peeling,12,7,19,0.699999988079071,0.575,1.0,0.3684210479259491,0.0,0.6666666865348816,0.5384615659713745,0.4017094075679779,0.574999988079071
slicing,15,4,19,0.625,0.35,1.0,0.21052631735801697,0.3333333432674408,0.380952388048172,0.3478260934352875,0.3540372848510742,0.3499999940395355
slicing,1,16,18,0.949999988079071,0.775,1.0,0.8888888955116272,0.5714285969734192,0.7200000286102295,0.9411764740943909,0.74420166015625,0.7749999761581421
grating,18,0,18,0.550000011920929,0.425,0.0,0.0,0.41025641560554504,0.782608687877655,0.0,0.3976217210292816,0.42500001192092896
grating,10,6,18,0.699999988079071,0.55,1.0,0.3333333432674408,0.6666666865348816,0.48275861144065857,0.5,0.5498084425926208,0.550000011920929
chopping,1,7,18,0.7250000238418579,0.65,1.0,0.3888888955116272,0.5806451439857483,0.8333333134651184,0.5600000023841858,0.6579928398132324,0.6499999761581421
chopping,11,5,18,0.675000011920929,0.425,1.0,0.2777777910232544,0.41025641560554504,0.4444444477558136,0.43478259444236755,0.42982780933380127,0.42500001192092896
grating,18,0,18,0.550000011920929,0.3,0.0,0.0,0.40909090638160706,0.3333333432674408,0.0,0.24747474491596222,0.30000001192092896
grating,3,9,21,0.699999988079071,0.575,0.75,0.5,0.5,0.6363636255264282,0.6000000238418579,0.5787878632545471,0.574999988079071
crushing,24,2,26,0.5,0.20833333333333334,1.0,0.07692307978868484,0.3265306055545807,0.0,0.1428571492433548,0.15646259486675262,0.2083333283662796
crushing,6,19,26,0.8541666865348816,0.6041666666666666,1.0,0.7307692170143127,0.13333334028720856,0.5,0.8444444537162781,0.49259257316589355,0.6041666865348816
chopping,8,5,18,0.675000011920929,0.525,1.0,0.2777777910232544,0.4375,0.7200000286102295,0.43478259444236755,0.5307608842849731,0.5249999761581421
chopping,2,7,21,0.6499999761581421,0.6,0.7777777910232544,0.3684210479259491,0.3636363744735718,0.8666666746139526,0.5,0.5767676830291748,0.6000000238418579
slicing,10,2,19,0.574999988079071,0.4,1.0,0.10526315867900848,0.4285714328289032,0.5161290168762207,0.190476194024086,0.37839221954345703,0.4000000059604645
slicing,23,13,36,0.6034482717514038,0.4827586206896552,1.0,0.3611111044883728,0.0,0.625,0.5306122303009033,0.3852040767669678,0.48275861144065857
blending,2,14,20,0.8500000238418579,0.6,0.875,0.7777777910232544,0.4615384638309479,0.4000000059604645,0.8235294222831726,0.5616893172264099,0.6000000238418579
blending,18,0,18,0.550000011920929,0.425,0.0,0.0,0.761904776096344,0.4390243887901306,0.0,0.4003097116947174,0.42500001192092896
blending,8,11,19,0.800000011920929,0.65,1.0,0.5789473652839661,0.0,0.7692307829856873,0.7333333492279053,0.5008547306060791,0.6499999761581421
blending,19,0,19,0.5249999761581421,0.3,0.0,0.0,0.3243243098258972,0.5,0.0,0.2747747600078583,0.30000001192092896
blending,18,0,18,0.550000011920929,0.525,0.0,0.0,0.8571428656578064,0.6545454263687134,0.0,0.5038960576057434,0.5249999761581421
blending,19,0,19,0.5249999761581421,0.425,0.0,0.0,0.625,0.5333333611488342,0.0,0.3861111104488373,0.42500001192092896
grilling,17,0,17,0.574999988079071,0.55,0.0,0.0,0.0,0.7096773982048035,0.0,0.23655913770198822,0.550000011920929
grilling,16,0,16,0.6000000238418579,0.55,0.0,0.0,0.4444444477558136,0.7272727489471436,0.0,0.3905723989009857,0.550000011920929
crushing,12,7,19,0.699999988079071,0.575,1.0,0.3684210479259491,0.7368420958518982,0.5142857432365417,0.5384615659713745,0.5965297818183899,0.574999988079071
crushing,17,2,19,0.574999988079071,0.35,1.0,0.10526315867900848,0.25,0.5925925970077515,0.190476194024086,0.3443562686443329,0.3499999940395355
peeling,6,12,18,0.8500000238418579,0.775,1.0,0.6666666865348816,0.800000011920929,0.7428571581840515,0.800000011920929,0.7809523940086365,0.7749999761581421
peeling,18,0,18,0.550000011920929,0.4,0.0,0.0,0.0,0.5714285969734192,0.0,0.190476194024086,0.4000000059604645
mincing,18,0,18,0.550000011920929,0.4,0.0,0.0,0.75,0.3684210479259491,0.0,0.37280702590942383,0.4000000059604645
mincing,18,0,18,0.550000011920929,0.45,0.0,0.0,0.761904776096344,0.4878048896789551,0.0,0.41656985878944397,0.44999998807907104
peeling,2,16,18,0.949999988079071,0.725,1.0,0.8888888955116272,0.1818181872367859,0.6857143044471741,0.9411764740943909,0.6029029488563538,0.7250000238418579
peeling,18,0,18,0.550000011920929,0.4,0.0,0.0,0.3684210479259491,0.75,0.0,0.37280702590942383,0.4000000059604645
chopping,2,0,20,0.5,0.2,0.0,0.0,0.3181818127632141,0.125,0.0,0.14772726595401764,0.20000000298023224
chopping,7,1,18,0.574999988079071,0.375,1.0,0.0555555559694767,0.5263158082962036,0.3478260934352875,0.10526315867900848,0.3264683783054352,0.375
blending,13,3,19,0.6000000238418579,0.25,1.0,0.15789473056793213,0.0,0.4000000059604645,0.27272728085517883,0.2242424339056015,0.25
blending,4,15,19,0.8999999761581421,0.65,1.0,0.7894737124443054,0.5,0.4615384638309479,0.8823529481887817,0.6146304607391357,0.6499999761581421
chopping,10,13,31,0.6603773832321167,0.4716981132075472,1.0,0.4193548262119293,0.4375,0.3333333432674408,0.5909090638160706,0.45391416549682617,0.4716981053352356
chopping,10,0,24,0.4000000059604645,0.125,0.0,0.0,0.0,0.38461539149284363,0.0,0.12820513546466827,0.125
frying,0,16,18,0.949999988079071,0.8,1.0,0.8888888955116272,0.0,0.8421052694320679,0.9411764740943909,0.5944272875785828,0.800000011920929
frying,18,0,18,0.550000011920929,0.075,0.0,0.0,0.1621621549129486,0.0,0.0,0.054054051637649536,0.07500000298023224
roasting,9,9,18,0.7749999761581421,0.35,1.0,0.5,0.25,0.13793103396892548,0.6666666865348816,0.35153257846832275,0.3499999940395355
roasting,3,1,22,0.4749999940395355,0.3,0.25,0.05263157933950424,0.0,0.6875,0.08695652335882187,0.25815215706825256,0.30000001192092896
grilling,17,0,17,0.574999988079071,0.1,0.0,0.0,0.0,0.1818181872367859,0.0,0.06060606241226196,0.10000000149011612
grilling,4,9,18,0.7749999761581421,0.5,1.0,0.5,0.3571428656578064,0.47999998927116394,0.6666666865348816,0.5012698173522949,0.5
grating,1,3,20,0.574999988079071,0.375,0.75,0.15789473056793213,0.3333333432674408,0.5714285969734192,0.260869562625885,0.38854384422302246,0.375
grating,12,6,18,0.699999988079071,0.675,1.0,0.3333333432674408,0.8421052694320679,0.7027027010917664,0.5,0.6816026568412781,0.675000011920929
grating,18,0,18,0.550000011920929,0.225,0.0,0.0,0.3414634168148041,0.190476194024086,0.0,0.1773132085800171,0.22499999403953552
grating,0,16,18,0.949999988079071,0.775,1.0,0.8888888955116272,0.6086956262588501,0.695652186870575,0.9411764740943909,0.7485080361366272,0.7749999761581421
mashing,2,18,20,0.949999988079071,0.9,0.8999999761581421,1.0,0.8888888955116272,0.8333333134651184,0.9473684430122375,0.8898635506629944,0.8999999761581421
mashing,4,10,19,0.7749999761581421,0.775,1.0,0.5263158082962036,0.7058823704719543,0.8823529481887817,0.6896551847457886,0.7592968940734863,0.7749999761581421
squeezing,17,2,19,0.574999988079071,0.475,1.0,0.10526315867900848,0.0,0.6181818246841431,0.190476194024086,0.26955267786979675,0.4749999940395355
squeezing,12,6,18,0.699999988079071,0.65,1.0,0.3333333432674408,0.800000011920929,0.695652186870575,0.5,0.665217399597168,0.6499999761581421
frying,6,12,18,0.8500000238418579,0.45,1.0,0.6666666865348816,0.1111111119389534,0.3125,0.800000011920929,0.4078703820705414,0.44999998807907104
frying,17,0,17,0.574999988079071,0.225,0.0,0.0,0.3076923191547394,0.2702702581882477,0.0,0.19265419244766235,0.22499999403953552
roasting,1,16,19,0.925000011920929,0.825,0.9411764740943909,0.8888888955116272,0.625,0.8275862336158752,0.9142857193946838,0.7889572978019714,0.824999988079071
roasting,5,16,23,0.824999988079071,0.7,0.761904776096344,0.8888888955116272,0.0,0.7058823704719543,0.8205128312110901,0.5087984204292297,0.699999988079071
chopping,2,5,20,0.625,0.4,0.7142857313156128,0.2777777910232544,0.3125,0.52173912525177,0.4000000059604645,0.4114130437374115,0.4000000059604645
chopping,0,9,18,0.7749999761581421,0.55,1.0,0.5,0.4000000059604645,0.6086956262588501,0.6666666865348816,0.5584540963172913,0.550000011920929
slicing,17,2,19,0.574999988079071,0.525,1.0,0.10526315867900848,0.875,0.5581395626068115,0.190476194024086,0.5412052273750305,0.5249999761581421
slicing,19,0,19,0.5249999761581421,0.375,0.0,0.0,0.0,0.5454545617103577,0.0,0.1818181872367859,0.375
frying,18,0,18,0.550000011920929,0.475,0.0,0.0,0.6666666865348816,0.6037735939025879,0.0,0.4234801232814789,0.4749999940395355
frying,18,0,18,0.550000011920929,0.325,0.0,0.0,0.2666666805744171,0.4680851101875305,0.0,0.24491727352142334,0.32499998807907104
slicing,20,0,20,0.5121951103210449,0.24390243902439024,0.0,0.0,0.2857142984867096,0.3529411852359772,0.0,0.21288515627384186,0.24390244483947754
slicing,18,1,19,0.550000011920929,0.275,1.0,0.05263157933950424,0.4761904776096344,0.25641027092933655,0.10000000149011612,0.2775335907936096,0.2750000059604645
slicing,5,3,24,0.4749999940395355,0.35,0.375,0.15789473056793213,0.1599999964237213,0.6428571343421936,0.2222222238779068,0.34169313311576843,0.3499999940395355
slicing,10,19,29,0.75,0.75,0.6551724076271057,1.0,1.0,0.4444444477558136,0.7916666865348816,0.7453703880310059,0.75
whipping,19,0,19,0.5249999761581421,0.4,0.0,0.0,0.0,0.5714285969734192,0.0,0.190476194024086,0.4000000059604645
whipping,18,0,18,0.550000011920929,0.175,0.0,0.0,0.4375,0.0,0.0,0.1458333283662796,0.17499999701976776
browning,18,0,18,0.550000011920929,0.275,0.0,0.0,0.23999999463558197,0.4324324429035187,0.0,0.22414414584636688,0.2750000059604645
browning,18,0,18,0.550000011920929,0.325,0.0,0.0,0.1599999964237213,0.5945945978164673,0.0,0.2515315115451813,0.32499998807907104
browning,3,19,22,0.925000011920929,0.9,0.8636363744735718,1.0,0.0,0.8947368264198303,0.9268292784690857,0.6071887016296387,0.8999999761581421
browning,18,0,18,0.550000011920929,0.3,0.0,0.0,0.48275861144065857,0.3030303120613098,0.0,0.26192963123321533,0.30000001192092896
grating,19,0,19,0.5365853905677795,0.3170731707317073,0.0,0.0,0.0,0.48148149251937866,0.0,0.16049383580684662,0.31707316637039185
grating,7,16,23,0.8444444537162781,0.6444444444444445,1.0,0.695652186870575,0.0,0.6499999761581421,0.8205128312110901,0.490170955657959,0.644444465637207
chopping,3,15,21,0.8500000238418579,0.6,0.8823529481887817,0.7894737124443054,0.4615384638309479,0.3333333432674408,0.8333333134651184,0.5427350401878357,0.6000000238418579
chopping,19,0,19,0.5249999761581421,0.225,0.0,0.0,0.4375,0.13793103396892548,0.0,0.19181035459041595,0.22499999403953552
squeezing,2,18,20,0.949999988079071,0.65,0.8999999761581421,1.0,0.0,0.5333333611488342,0.9473684430122375,0.49356725811958313,0.6499999761581421
squeezing,2,17,19,0.949999988079071,0.8,1.0,0.8947368264198303,0.0,0.7894737124443054,0.9444444179534912,0.5779727101325989,0.800000011920929
zesting,18,0,18,0.550000011920929,0.35,0.0,0.0,0.0,0.6666666865348816,0.0,0.2222222238779068,0.3499999940395355
zesting,12,6,18,0.699999988079071,0.5,1.0,0.3333333432674408,0.5185185074806213,0.48275861144065857,0.5,0.5004256963729858,0.5
sauteing,17,0,17,0.574999988079071,0.35,0.0,0.0,0.6399999856948853,0.31578946113586426,0.0,0.3185964822769165,0.3499999940395355
sauteing,18,0,18,0.550000011920929,0.3,0.0,0.0,0.6428571343421936,0.1764705926179886,0.0,0.27310922741889954,0.30000001192092896
rolling,2,19,21,0.949999988079071,0.875,0.9047619104385376,1.0,0.4000000059604645,0.8571428656578064,0.949999988079071,0.7357142567634583,0.875
rolling,18,0,18,0.550000011920929,0.35,0.0,0.0,0.5,0.43478259444236755,0.0,0.3115942180156708,0.3499999940395355
peeling,4,2,22,0.5,0.4,0.3333333432674408,0.1111111119389534,0.2857142984867096,0.7142857313156128,0.1666666716337204,0.3888888657093048,0.4000000059604645
peeling,0,19,19,1.0,0.95,1.0,1.0,0.8333333134651184,0.9333333373069763,1.0,0.9222221970558167,0.949999988079071
peeling,18,0,18,0.550000011920929,0.25,0.0,0.0,0.5,0.21052631735801697,0.0,0.2368421107530594,0.25
peeling,18,0,18,0.550000011920929,0.4,0.0,0.0,0.4285714328289032,0.5416666865348816,0.0,0.32341268658638,0.4000000059604645
shredding,11,6,18,0.699999988079071,0.45,1.0,0.3333333432674408,0.42424243688583374,0.43478259444236755,0.5,0.4530083239078522,0.44999998807907104
shredding,18,0,18,0.550000011920929,0.125,0.0,0.0,0.3030303120613098,0.0,0.0,0.10101010650396347,0.125
chopping,8,0,24,0.4000000059604645,0.15,0.0,0.0,0.0,0.4285714328289032,0.0,0.1428571492433548,0.15000000596046448
chopping,4,0,20,0.5,0.25,0.0,0.0,0.3636363744735718,0.25,0.0,0.20454545319080353,0.25
chopping,1,5,19,0.6499999761581421,0.45,0.8333333134651184,0.2777777910232544,0.1599999964237213,0.7096773982048035,0.4166666567325592,0.4287813603878021,0.44999998807907104
chopping,18,0,18,0.550000011920929,0.475,0.0,0.0,0.4000000059604645,0.7142857313156128,0.0,0.37142857909202576,0.4749999940395355
shredding,5,13,18,0.875,0.75,1.0,0.7222222089767456,0.761904776096344,0.6428571343421936,0.8387096524238586,0.7478238940238953,0.75
shredding,18,0,18,0.550000011920929,0.4,0.0,0.0,0.529411792755127,0.5,0.0,0.343137264251709,0.4000000059604645
chopping,6,6,18,0.699999988079071,0.525,1.0,0.3333333432674408,0.125,0.699999988079071,0.5,0.44166669249534607,0.5249999761581421
chopping,0,7,18,0.7250000238418579,0.525,1.0,0.3888888955116272,0.4864864945411682,0.5555555820465088,0.5600000023841858,0.5340139865875244,0.5249999761581421
frying,18,0,18,0.550000011920929,0.3,0.0,0.0,0.2857142984867096,0.4166666567325592,0.0,0.2341269850730896,0.30000001192092896
frying,12,6,18,0.699999988079071,0.7,1.0,0.3333333432674408,1.0,0.739130437374115,0.5,0.7463768124580383,0.699999988079071
roasting,18,0,18,0.550000011920929,0.525,0.0,0.0,0.0,0.688524603843689,0.0,0.2295082062482834,0.5249999761581421
roasting,19,0,19,0.5249999761581421,0.475,0.0,0.0,0.0,0.6440678238868713,0.0,0.21468926966190338,0.4749999940395355
slicing,1,3,19,0.6000000238418579,0.5,1.0,0.15789473056793213,0.0,0.8717948794364929,0.27272728085517883,0.38150739669799805,0.5
slicing,18,0,18,0.550000011920929,0.425,0.0,0.0,0.0833333358168602,0.8421052694320679,0.0,0.30847951769828796,0.42500001192092896
mincing,16,2,18,0.6000000238418579,0.275,1.0,0.1111111119389534,0.5,0.0,0.20000000298023224,0.23333333432674408,0.2750000059604645
mincing,16,2,18,0.6000000238418579,0.525,1.0,0.1111111119389534,0.8695651888847351,0.4864864945411682,0.20000000298023224,0.518683910369873,0.5249999761581421
slicing,19,0,19,0.5249999761581421,0.35,0.0,0.0,0.0,0.5384615659713745,0.0,0.1794871836900711,0.3499999940395355
slicing,3,16,22,0.8500000238418579,0.6,0.8421052694320679,0.8421052694320679,0.5185185074806213,0.13333334028720856,0.8421052694320679,0.49798569083213806,0.6000000238418579
slicing,13,3,19,0.6000000238418579,0.25,1.0,0.15789473056793213,0.25,0.2222222238779068,0.27272728085517883,0.24831648170948029,0.25
slicing,7,6,19,0.675000011920929,0.425,1.0,0.31578946113586426,0.3636363744735718,0.4545454680919647,0.47999998927116394,0.43272730708122253,0.42500001192092896
peeling,3,14,21,0.824999988079071,0.6,0.8235294222831726,0.7777777910232544,0.5517241358757019,0.25,0.800000011920929,0.5339080691337585,0.6000000238418579
peeling,18,0,18,0.550000011920929,0.45,0.0,0.0,0.6000000238418579,0.5769230723381042,0.0,0.39230766892433167,0.44999998807907104
sauteing,17,0,17,0.574999988079071,0.3,0.0,0.0,0.4761904776096344,0.190476194024086,0.0,0.2222222238779068,0.30000001192092896
sauteing,17,0,17,0.574999988079071,0.55,0.0,0.0,0.9411764740943909,0.6086956262588501,0.0,0.5166240334510803,0.550000011920929
roasting,8,0,25,0.375,0.25,0.0,0.0,0.3030303120613098,0.4545454680919647,0.0,0.2525252401828766,0.25
roasting,0,8,18,0.75,0.475,1.0,0.4444444477558136,0.0,0.6666666865348816,0.6153846383094788,0.4273504316806793,0.4749999940395355
roasting,17,0,17,0.574999988079071,0.225,0.0,0.0,0.0,0.3913043439388275,0.0,0.1304347813129425,0.22499999403953552
browning,16,0,16,0.6000000238418579,0.525,0.0,0.0,0.0,0.688524603843689,0.0,0.2295082062482834,0.5249999761581421
browning,18,0,18,0.550000011920929,0.375,0.0,0.0,0.1538461595773697,0.5714285969734192,0.0,0.24175824224948883,0.375
roasting,13,5,18,0.675000011920929,0.5,1.0,0.2777777910232544,0.0,0.7142857313156128,0.43478259444236755,0.3830227851867676,0.5
roasting,11,19,30,0.7250000238418579,0.525,0.6333333253860474,1.0,0.3333333432674408,0.0,0.7755101919174194,0.36961451172828674,0.5249999761581421
chopping,1,18,19,0.9750000238418579,0.575,0.9473684430122375,1.0,0.0,0.37037035822868347,0.9729729890823364,0.44778111577033997,0.574999988079071
chopping,5,13,18,0.875,0.575,1.0,0.7222222089767456,0.5714285969734192,0.0,0.8387096524238586,0.4700460731983185,0.574999988079071
roasting,0,5,18,0.675000011920929,0.5,1.0,0.2777777910232544,0.3333333432674408,0.7407407164573669,0.43478259444236755,0.5029522180557251,0.5
roasting,10,6,18,0.699999988079071,0.375,1.0,0.3333333432674408,0.29411765933036804,0.3636363744735718,0.5,0.3859180212020874,0.375
roasting,53,0,53,0.28378379344940186,0.24324324324324326,0.0,0.0,0.190476194024086,0.5283018946647644,0.0,0.23959268629550934,0.2432432472705841
roasting,5,6,23,0.574999988079071,0.225,0.5454545617103577,0.3333333432674408,0.0,0.23999999463558197,0.4137931168079376,0.21793103218078613,0.22499999403953552
roasting,1,13,19,0.8500000238418579,0.55,1.0,0.6842105388641357,0.37037035822868347,0.380952388048172,0.8125,0.5212742686271667,0.550000011920929
mincing,8,10,18,0.800000011920929,0.575,1.0,0.5555555820465088,0.5,0.5,0.7142857313156128,0.5714285969734192,0.574999988079071
whipping,6,15,25,0.75,0.6,0.7142857313156128,0.7894737124443054,0.0,0.6000000238418579,0.75,0.45000001788139343,0.6000000238418579
whipping,18,0,18,0.550000011920929,0.35,0.0,0.0,0.0,0.5185185074806213,0.0,0.17283950746059418,0.3499999940395355
squeezing,7,11,18,0.824999988079071,0.625,1.0,0.6111111044883728,0.6428571343421936,0.43478259444236755,0.7586206793785095,0.6120867729187012,0.625
squeezing,1,18,19,0.9750000238418579,0.8,0.9473684430122375,1.0,0.6666666865348816,0.6363636255264282,0.9729729890823364,0.7586677670478821,0.800000011920929
squeezing,1,17,18,0.9750000238418579,0.475,1.0,0.9444444179534912,0.1599999964237213,0.0,0.9714285731315613,0.37714287638664246,0.4749999940395355
squeezing,7,6,25,0.5249999761581421,0.475,0.4615384638309479,0.3333333432674408,0.5,0.5714285969734192,0.3870967626571655,0.4861750900745392,0.4749999940395355
whipping,14,12,33,0.4749999940395355,0.35,0.4615384638309479,0.6315789222717285,0.1428571492433548,0.095238097012043,0.5333333611488342,0.2571428716182709,0.3499999940395355
whipping,9,9,18,0.7749999761581421,0.55,1.0,0.5,0.0,0.5909090638160706,0.6666666865348816,0.4191919267177582,0.550000011920929
whipping,1,18,19,0.9750000238418579,0.65,1.0,0.9473684430122375,0.0,0.5517241358757019,0.9729729890823364,0.5082323551177979,0.6499999761581421
whipping,2,13,19,0.8500000238418579,0.6,1.0,0.6842105388641357,0.20000000298023224,0.6428571343421936,0.8125,0.5517857074737549,0.6000000238418579
whipping,8,11,19,0.800000011920929,0.725,1.0,0.5789473652839661,0.0,0.800000011920929,0.7333333492279053,0.5111110806465149,0.7250000238418579
zesting,7,9,18,0.7749999761581421,0.575,1.0,0.5,0.6153846383094788,0.4444444477558136,0.6666666865348816,0.5754985809326172,0.574999988079071
zesting,18,0,18,0.550000011920929,0.325,0.0,0.0,0.3589743673801422,0.52173912525177,0.0,0.2935711443424225,0.32499998807907104
zesting,2,0,20,0.5,0.375,0.0,0.0,0.0,0.8108108043670654,0.0,0.2702702581882477,0.375
whipping,16,3,19,0.6000000238418579,0.35,1.0,0.15789473056793213,0.3076923191547394,0.4375,0.27272728085517883,0.339306503534317,0.3499999940395355
whipping,19,0,19,0.5249999761581421,0.375,0.0,0.0,0.0,0.5454545617103577,0.0,0.1818181872367859,0.375
whipping,2,19,21,0.949999988079071,0.925,0.9047619104385376,1.0,0.9090909361839294,0.8965517282485962,0.949999988079071,0.9185475707054138,0.925000011920929
whipping,4,8,19,0.7250000238418579,0.625,1.0,0.42105263471603394,0.0,0.8095238208770752,0.5925925970077515,0.4673721492290497,0.625
squeezing,18,0,18,0.550000011920929,0.35,0.0,0.0,0.3076923191547394,0.5555555820465088,0.0,0.2877492904663086,0.3499999940395355
squeezing,25,11,36,0.568965494632721,0.39655172413793105,1.0,0.3055555522441864,0.05714285746216774,0.6470588445663452,0.4680851101875305,0.39076223969459534,0.3965517282485962
mincing,10,18,28,0.75,0.5,0.6428571343421936,1.0,0.0,0.1666666716337204,0.782608687877655,0.3164251148700714,0.5
shredding,8,2,20,0.550000011920929,0.375,0.4000000059604645,0.11764705926179886,0.42105263471603394,0.5,0.1818181872367859,0.36762359738349915,0.375
mashing,18,0,18,0.550000011920929,0.375,0.0,0.0,0.0,0.6000000238418579,0.0,0.20000000298023224,0.375
mashing,2,18,20,0.949999988079071,0.7,0.8999999761581421,1.0,0.0,0.625,0.9473684430122375,0.5241227746009827,0.699999988079071
peeling,15,0,21,0.4749999940395355,0.1,0.0,0.0,0.1860465109348297,0.0,0.0,0.06201550364494324,0.10000000149011612
peeling,13,3,19,0.6000000238418579,0.275,1.0,0.15789473056793213,0.1111111119389534,0.3499999940395355,0.27272728085517883,0.24461279809474945,0.2750000059604645
peeling,1,16,18,0.949999988079071,0.7,1.0,0.8888888955116272,0.25,0.6666666865348816,0.9411764740943909,0.6192810535430908,0.699999988079071
slicing,19,0,19,0.5365853905677795,0.3170731707317073,0.0,0.0,0.0,0.48148149251937866,0.0,0.16049383580684662,0.31707316637039185
grating,7,6,18,0.699999988079071,0.525,1.0,0.3333333432674408,0.6000000238418579,0.4615384638309479,0.5,0.5205128192901611,0.5249999761581421
grating,8,10,18,0.800000011920929,0.6,1.0,0.5555555820465088,0.0,0.6363636255264282,0.7142857313156128,0.4502164423465729,0.6000000238418579
chopping,4,15,19,0.8999999761581421,0.85,1.0,0.7894737124443054,0.875,0.800000011920929,0.8823529481887817,0.8524510264396667,0.8500000238418579
chopping,6,13,19,0.8500000238418579,0.575,1.0,0.6842105388641357,0.52173912525177,0.3199999928474426,0.8125,0.5514130592346191,0.574999988079071
chopping,2,5,18,0.675000011920929,0.525,1.0,0.2777777910232544,0.260869562625885,0.7647058963775635,0.43478259444236755,0.48678600788116455,0.5249999761581421
mashing,3,15,21,0.8500000238418579,0.675,0.8333333134651184,0.8333333134651184,0.0,0.7058823704719543,0.8333333134651184,0.5130718946456909,0.675000011920929
mashing,12,19,31,0.7735849022865295,0.5849056603773585,1.0,0.6129032373428345,0.5,0.3333333432674408,0.7599999904632568,0.5311111211776733,0.5849056839942932
blending,19,0,19,0.5249999761581421,0.2,0.0,0.0,0.43478259444236755,0.15789473056793213,0.0,0.19755911827087402,0.20000000298023224
peeling,10,4,26,0.44999998807907104,0.175,0.3076923191547394,0.23529411852359772,0.0,0.23076923191547394,0.2666666805744171,0.16581197082996368,0.17499999701976776
grating,2,0,20,0.5,0.25,0.0,0.0,0.3333333432674408,0.3333333432674408,0.0,0.2222222238779068,0.25
peeling,19,0,19,0.5249999761581421,0.225,0.0,0.0,0.13333334028720856,0.4516128897666931,0.0,0.19498206675052643,0.22499999403953552
crushing,9,10,19,0.7749999761581421,0.675,1.0,0.5263158082962036,0.7142857313156128,0.6486486196517944,0.6896551847457886,0.6841964721679688,0.675000011920929
chopping,18,0,18,0.550000011920929,0.4,0.0,0.0,0.0,0.5714285969734192,0.0,0.190476194024086,0.4000000059604645
chopping,9,3,18,0.625,0.45,1.0,0.1666666716337204,0.5185185074806213,0.5,0.2857142984867096,0.4347442388534546,0.44999998807907104
frying,4,5,18,0.675000011920929,0.4,1.0,0.2777777910232544,0.4000000059604645,0.3636363744735718,0.43478259444236755,0.3994729816913605,0.4000000059604645
frying,8,10,26,0.6000000238418579,0.475,0.5555555820465088,0.5555555820465088,0.0,0.5806451439857483,0.5555555820465088,0.3787335455417633,0.4749999940395355
frying,2,3,17,0.6499999761581421,0.5,1.0,0.1764705926179886,0.3870967626571655,0.7586206793785095,0.30000001192092896,0.4819057881832123,0.5
browning,1,10,20,0.75,0.425,0.9090909361839294,0.5263158082962036,0.3125,0.2222222238779068,0.6666666865348816,0.40046295523643494,0.42500001192092896
blending,19,0,19,0.5249999761581421,0.475,0.0,0.0,0.8333333134651184,0.5714285969734192,0.0,0.4682539701461792,0.4749999940395355
frying,0,18,18,1.0,0.875,1.0,1.0,0.0,0.8717948794364929,1.0,0.6239316463470459,0.875
frying,18,0,18,0.550000011920929,0.325,0.0,0.0,0.2666666805744171,0.4680851101875305,0.0,0.24491727352142334,0.32499998807907104
chopping,4,14,19,0.875,0.7,1.0,0.7368420958518982,0.0,0.800000011920929,0.8484848737716675,0.5494949817657471,0.699999988079071
grilling,8,9,17,0.800000011920929,0.3,1.0,0.529411792755127,0.08695652335882187,0.12903225421905518,0.692307710647583,0.30276548862457275,0.30000001192092896
shredding,18,0,18,0.550000011920929,0.475,0.0,0.0,0.5,0.6842105388641357,0.0,0.3947368562221527,0.4749999940395355
crushing,5,9,24,0.625,0.4,0.6428571343421936,0.4736842215061188,0.3870967626571655,0.125,0.5454545617103577,0.35251712799072266,0.4000000059604645
blending,17,1,18,0.574999988079071,0.35,1.0,0.0555555559694767,0.5833333134651184,0.3243243098258972,0.10526315867900848,0.33764025568962097,0.3499999940395355
rolling,4,9,18,0.7749999761581421,0.725,1.0,0.5,0.5,0.8648648858070374,0.6666666865348816,0.6771771907806396,0.7250000238418579
slicing,8,11,19,0.800000011920929,0.6,1.0,0.5789473652839661,0.0,0.6190476417541504,0.7333333492279053,0.45079365372657776,0.6000000238418579
slicing,19,0,19,0.5249999761581421,0.275,0.0,0.0,0.0,0.4313725531101227,0.0,0.1437908560037613,0.2750000059604645
rolling,4,7,18,0.7250000238418579,0.625,1.0,0.3888888955116272,0.1538461595773697,0.8095238208770752,0.5600000023841858,0.5077900290489197,0.625
slicing,6,12,18,0.8500000238418579,0.675,1.0,0.6666666865348816,0.0,0.6976743936538696,0.800000011920929,0.49922481179237366,0.675000011920929
mashing,19,0,19,0.5249999761581421,0.375,0.0,0.0,0.0,0.5454545617103577,0.0,0.1818181872367859,0.375
chopping,1,9,18,0.7749999761581421,0.5,1.0,0.5,0.0,0.6470588445663452,0.6666666865348816,0.43790850043296814,0.5
slicing,50,0,50,0.2957746386528015,0.2112676056338028,0.0,0.0,0.0,0.3488371968269348,0.0,0.11627906560897827,0.2112676054239273
chopping,18,0,18,0.550000011920929,0.25,0.0,0.0,0.0,0.40816327929496765,0.0,0.13605442643165588,0.25
grating,19,0,19,0.5249999761581421,0.325,0.0,0.0,0.1599999964237213,0.6111111044883728,0.0,0.25703704357147217,0.32499998807907104
slicing,3,12,20,0.800000011920929,0.6,0.800000011920929,0.7058823704719543,0.5517241358757019,0.42105263471603394,0.75,0.5742589235305786,0.6000000238418579
chopping,7,11,18,0.824999988079071,0.65,1.0,0.6111111044883728,0.0,0.6818181872367859,0.7586206793785095,0.48014628887176514,0.6499999761581421
chopping,18,0,18,0.550000011920929,0.475,0.0,0.0,0.8235294222831726,0.5333333611488342,0.0,0.45228758454322815,0.4749999940395355
slicing,19,0,19,0.5249999761581421,0.3,0.0,0.0,0.5714285969734192,0.30000001192092896,0.0,0.2904762029647827,0.30000001192092896
rolling,1,11,19,0.800000011920929,0.625,1.0,0.5789473652839661,0.21052631735801697,0.774193525314331,0.7333333492279053,0.5726844072341919,0.625
rolling,4,31,35,0.9285714030265808,0.875,1.0,0.8857142925262451,0.0,0.8372092843055725,0.939393937587738,0.5922010540962219,0.875
browning,10,2,16,0.6499999761581421,0.1,1.0,0.125,0.10000000149011612,0.0,0.2222222238779068,0.10740741342306137,0.10000000149011612
blending,17,2,19,0.574999988079071,0.475,1.0,0.10526315867900848,0.0,0.6538461446762085,0.190476194024086,0.28144076466560364,0.4749999940395355
slicing,6,0,22,0.44999998807907104,0.25,0.0,0.0,0.31578946113586426,0.4000000059604645,0.0,0.23859648406505585,0.25
frying,14,3,18,0.625,0.25,1.0,0.1666666716337204,0.3888888955116272,0.0,0.2857142984867096,0.22486774623394012,0.25
chopping,6,13,19,0.8500000238418579,0.75,1.0,0.6842105388641357,0.3333333432674408,0.761904776096344,0.8125,0.6359127163887024,0.75
chopping,13,5,18,0.675000011920929,0.425,1.0,0.2777777910232544,0.5454545617103577,0.34285715222358704,0.43478259444236755,0.44103145599365234,0.42500001192092896
grilling,1,4,18,0.6499999761581421,0.275,1.0,0.2222222238779068,0.12121212482452393,0.4000000059604645,0.3636363744735718,0.2949495017528534,0.2750000059604645
grilling,17,0,17,0.574999988079071,0.35,0.0,0.0,0.3636363744735718,0.5333333611488342,0.0,0.2989899218082428,0.3499999940395355
grilling,6,0,21,0.4749999940395355,0.275,0.0,0.0,0.2777777910232544,0.52173912525177,0.0,0.266505628824234,0.2750000059604645
blending,5,5,18,0.675000011920929,0.325,1.0,0.2777777910232544,0.3333333432674408,0.190476194024086,0.43478259444236755,0.319530725479126,0.32499998807907104
slicing,1,9,18,0.7749999761581421,0.7,1.0,0.5,0.4761904776096344,0.875,0.6666666865348816,0.6726190447807312,0.699999988079071
peeling,0,17,19,0.949999988079071,0.8,1.0,0.8947368264198303,0.0,0.8333333134651184,0.9444444179534912,0.5925925374031067,0.800000011920929
browning,10,8,18,0.75,0.45,1.0,0.4444444477558136,0.0,0.4761904776096344,0.6153846383094788,0.3638583719730377,0.44999998807907104
coating,17,0,17,0.574999988079071,0.3,0.0,0.0,0.2222222238779068,0.5,0.0,0.24074073135852814,0.30000001192092896
frying,15,0,24,0.4000000059604645,0.125,0.0,0.0,0.0,0.3448275923728943,0.0,0.1149425283074379,0.125
frying,31,0,31,0.42592594027519226,0.4074074074074074,0.0,0.0,0.1818181872367859,0.6363636255264282,0.0,0.27272728085517883,0.40740740299224854
grating,11,2,18,0.6000000238418579,0.25,1.0,0.1111111119389534,0.42105263471603394,0.0,0.20000000298023224,0.20701754093170166,0.25
coating,19,0,19,0.5249999761581421,0.4,0.0,0.0,0.7058823704719543,0.4545454680919647,0.0,0.38680925965309143,0.4000000059604645
grilling,11,7,18,0.7250000238418579,0.275,1.0,0.3888888955116272,0.24242424964904785,0.0,0.5600000023841858,0.2674747407436371,0.2750000059604645
roasting,14,0,14,0.6499999761581421,0.375,0.0,0.0,0.1538461595773697,0.5283018946647644,0.0,0.22738267481327057,0.375
roasting,10,18,28,0.75,0.625,0.6428571343421936,1.0,0.0,0.48275861144065857,0.782608687877655,0.4217890799045563,0.625
chopping,3,18,21,0.925000011920929,0.7,0.8571428656578064,1.0,0.6086956262588501,0.3333333432674408,0.9230769276618958,0.6217019557952881,0.699999988079071
shredding,4,0,21,0.4749999940395355,0.325,0.0,0.0,0.1428571492433548,0.7096773982048035,0.0,0.2841781675815582,0.32499998807907104
grilling,19,0,19,0.5249999761581421,0.45,0.0,0.0,0.0,0.6206896305084229,0.0,0.20689654350280762,0.44999998807907104
grilling,18,0,18,0.550000011920929,0.425,0.0,0.0,0.0,0.7555555701255798,0.0,0.2518518567085266,0.42500001192092896
zesting,6,25,31,0.8867924809455872,0.8679245283018868,1.0,0.8064516186714172,0.9333333373069763,0.800000011920929,0.8928571343421936,0.8753967881202698,0.8679245114326477
squeezing,9,5,19,0.6499999761581421,0.55,1.0,0.2631579041481018,0.43478259444236755,0.7272727489471436,0.4166666567325592,0.5262406468391418,0.550000011920929
squeezing,0,3,19,0.6000000238418579,0.3,1.0,0.15789473056793213,0.2631579041481018,0.4000000059604645,0.27272728085517883,0.31196174025535583,0.30000001192092896
whipping,9,19,28,0.7749999761581421,0.65,0.6785714030265808,1.0,0.0,0.5,0.8085106611251831,0.43617022037506104,0.6499999761581421
sauteing,17,0,17,0.574999988079071,0.15,0.0,0.0,0.375,0.0,0.0,0.125,0.15000000596046448
squeezing,19,0,19,0.5249999761581421,0.125,0.0,0.0,0.2666666805744171,0.06451612710952759,0.0,0.11039426922798157,0.125
whipping,8,11,19,0.800000011920929,0.5,1.0,0.5789473652839661,0.43478259444236755,0.29629629850387573,0.7333333492279053,0.4881373941898346,0.5
mincing,16,2,18,0.6000000238418579,0.275,1.0,0.1111111119389534,0.43478259444236755,0.21621622145175934,0.20000000298023224,0.2836662828922272,0.2750000059604645
sauteing,5,4,18,0.6499999761581421,0.425,1.0,0.2222222238779068,0.3870967626571655,0.5185185074806213,0.3636363744735718,0.4230838716030121,0.42500001192092896
coating,16,12,28,0.6800000071525574,0.54,1.0,0.4285714328289032,0.0,0.5882353186607361,0.6000000238418579,0.3960784375667572,0.5400000214576721
squeezing,9,9,18,0.7749999761581421,0.725,1.0,0.5,0.6000000238418579,0.8484848737716675,0.6666666865348816,0.705050528049469,0.7250000238418579
sauteing,17,0,17,0.574999988079071,0.45,0.0,0.0,0.0,0.6206896305084229,0.0,0.20689654350280762,0.44999998807907104
sauteing,18,0,18,0.550000011920929,0.3,0.0,0.0,0.3499999940395355,0.4545454680919647,0.0,0.26818183064460754,0.30000001192092896
